<?xml version="1.0"?>

<resultset statement="SELECT * FROM conference WHERE conference=1507
" xmlns:xsi="http://www.w3.org/2001/XMLSchema-instance">
  <row>
	<field name="conference">1507</field>
	<field name="style">conference</field>
	<field name="type">regular</field>
	<field name="name">ERAD 2012 - Forum de Pos-Graduacao</field>
	<field name="fullname">ERAD 2012 - Forum de Pos-Graduacao</field>
	<field name="description"></field>
	<field name="location">Erechim, RS</field>
	<field name="publicdate">2012-03-20</field>
	<field name="logo">http://www.uricer.edu.br/~erad2012/images/logo.gif</field>
	<field name="URL">http://www.uricer.edu.br/~erad2012/</field>
	<field name="conferencegroup">1507</field>
	<field name="topics">Algoritmos Paralelos e Distribuídos
Aplicações Paralelas para Solução de Problemas Reais
Arquitetura de Computadores
Arquiteturas Avançadas de Processadores
Arquiteturas Dedicadas e Específicas
Arquitetura e Sistemas Tolerantes a Falhas
Avaliação, Medição e Predição de Desempenho
Balanceamento de Carga para Sistemas de Alto Desempenho
Computação Heterogênea
Computação Móvel de Alto Desempenho
Escalonamento e Balanceamento de Carga
Linguagens, Compiladores e Ferramentas de Computação Paralela e Distribuída
Memória Compartilhada Distribuída (DSM)
Redes e Protocolos de Comunicação de Alto Desempenho
Simulação de Arquiteturas e Sistemas Paralelos e Distribuídos
Sistemas de Arquivos e de Entrada e Saída de Alto Desempenho
Sistemas de Banco de Dados Paralelos e Distribuídos
Sistemas de Memória
Sistemas Distribuídos
Aglomerados (Clusters)
Grades (Grids)
Sistemas Operacionais
Sistemas Reconfiguráveis
Software Básico para Computação Paralela e Distribuída
Técnicas e Métodos de Extração de Paralelismo
Computação em Nuvem</field>
	<field name="topics_min">1</field>
	<field name="topics_max">4</field>
	<field name="maintainer">andrea@inf.ufsm.br</field>
	<field name="admin">crpsantos@inf.ufrgs.br</field>
	<field name="printing">andrea@inf.ufsm.br</field>
	<field name="mailfrom">andrea@inf.ufsm.br</field>
	<field name="conference_begin">2012-03-20</field>
	<field name="conference_end">2012-03-23</field>
	<field name="reply_to" xsi:nil="true" />
	<field name="contribution">none</field>
	<field name="author_awareness_text" xsi:nil="true" />
	<field name="submit_email" xsi:nil="true" />
	<field name="defaulttrack">3516</field>
	<field name="cc">tatiana.santos@ceitec-sa.com</field>
	<field name="session_duration">15</field>
	<field name="delegate" xsi:nil="true" />
	<field name="doubleblind">false</field>
	<field name="reply_tpc">tpc</field>
	<field name="notify_immediately">false</field>
	<field name="tpc_identity">assigner</field>
	<field name="tpc_view">assigner</field>
	<field name="reviewer_view">own</field>
	<field name="author_view">review</field>
	<field name="rebuttal_length">0</field>
	<field name="reviews">3</field>
	<field name="tpcs">0</field>
	<field name="tpc_per_tpc" xsi:nil="true" />
	<field name="reviews_per_tpc">0</field>
	<field name="review_copy">assigner</field>
	<field name="messages">chair,reviewers,reviewersTPC</field>
	<field name="printing_problem_to">maintainer</field>
	<field name="review_due">2012-01-15 00:00:00</field>
	<field name="tpc_due" xsi:nil="true" />
	<field name="days_to_review">30</field>
	<field name="nag_interval">4</field>
	<field name="nag_ahead">7</field>
	<field name="rebuttal_from">2011-11-22 16:00:00</field>
	<field name="rebuttal_by">2011-11-22 16:00:00</field>
	<field name="discussion_from">2011-11-22 16:00:00</field>
	<field name="discussion_by">2011-11-22 16:00:00</field>
	<field name="tpc_invitation_by">2011-12-15 10:00:00</field>
	<field name="span_lim_a">1.5</field>
	<field name="span_lim_b">4</field>
	<field name="login" xsi:nil="true" />
	<field name="navigation" xsi:nil="true" />
	<field name="home" xsi:nil="true" />
	<field name="submitinstructions" xsi:nil="true" />
	<field name="reviewinstructions">&lt;font color=darkblue&gt;
&lt;h2&gt;Instruções aos avaliadores&lt;/h2&gt;

&lt;p&gt;Prezado(a) colega,

&lt;p&gt;Ao avaliar este trabalho, por favor, leve em consideração as observações abaixo:

&lt;ul&gt;
&lt;li&gt;&lt;b&gt;Objetivos do fórum&lt;/b&gt;: o Fórum de Pós-Graduação da ERAD é um espaço para  apresentação de trabalhos de alunos de mestrado e doutorado, com os objetivos de incentivar a troca de experiências e divulgar pesquisas em andamento ou concluídas.&lt;/li&gt;

&lt;li&gt;&lt;b&gt;Formato&lt;/b&gt;: o texto deve limitar-se a duas (2) páginas e deve ser formatado segundo o estilo da SBC, sem as seções &quot;Abstract&quot; e &quot;Resumo&quot;. Pequenos desvios no formato podem ser tolerados a critério dos avaliadores, mas os autores precisam ser advertidos para preparar corretamente a versão final.
&lt;/li&gt;

&lt;li&gt;&lt;b&gt;Seleção&lt;/b&gt;: os trabalhos serão classificados segundo a média ponderada do item &quot;Recomendação&quot; e &quot;Confiança na avaliação&quot;. Os demais itens serão utilizados como feedback aos autores ou ainda para desempate ou detecção de divergência.&lt;/li&gt;

&lt;li&gt;&lt;b&gt;Avaliação otimista&lt;/b&gt;: no item Recomendação, uma nota igual ou acima de 3 (Neutro) será interpretada como suficiente para aceitação. Além disso, mesmo para trabalhos em andamento, recomendamos que todos os itens avaliados sejam justificados e comentados, incentivando os autores a aprimorar o trabalho.
&lt;/li&gt;

&lt;/ul&gt;

&lt;p&gt;Obrigada mais uma vez por sua contribuição ao Fórum de Pós-Graduação da ERAD 2012! 

&lt;p&gt;Atenciosamente,


&lt;p&gt;Andrea Charão (UFSM) e Tatiana dos Santos (CEITEC)&lt;br&gt;
Coordenadoras do Fórum de Pós-Graduação&lt;br&gt;
ERAD 2012 - &lt;a href=&quot;http://www.uricer.edu.br/~erad2012&quot;&gt;http://www.uricer.edu.br/~erad2012&lt;/a&gt;
&lt;/font&gt;</field>
	<field name="header" xsi:nil="true" />
	<field name="footer" xsi:nil="true" />
	<field name="paper_submitted" xsi:nil="true" />
	<field name="paper_uploaded">.Prezado(a) $title $givenname $surname,

.Recebemos seu trabalho submetido à ERAD 2012 - Fórum de Pós-Graduação. 
.Confira abaixo os dados da submissão:

.Número: $paper
.Título: $papertitle
.Tamanho: $contentsize bytes
.Formato: $contenttype

.Por favor, informe o número de seu artigo caso necessite entrar em contato com as coordenadoras do Fórum.

.Aguardamos sua presença em Erechim, RS, de 20 a 23 de março de 2012, para participação na 12a Escola Regional de Alto Desempenho.

.Cordialmente,

.Andrea Charão (UFSM) e Tatiana dos Santos (Ceitec)
.Coordenadoras do Fórum de Pós-Graduação
.ERAD 2012 - http://www.uricer.edu.br/~erad2012</field>
	<field name="paper_missing">.Prezado(a) $title $givenname $surname,

.Seu trabalho intitulado &quot;$papertitle&quot; (número $paper) foi cadastrado na $name, mas ainda não recebemos o seu texto. 

.O prazo final para upload do arquivo é $paperdue.

.Você pode modificar o cadastro de seu trabalho em:
 $PAPER

.Cordialmente,

.Andrea Charão (UFSM) e Tatiana dos Santos (Ceitec)
.Coordenadoras do Fórum de Pós-Graduação
.ERAD 2012 - http://www.uricer.edu.br/~erad2012</field>
	<field name="printing_problem">.Prezado(a) $title $givenname $surname,

Seu artigo intitulado &quot;$papertitle&quot; (número $paper) apresentou problemas de impressão, conforme mensagem abaixo:
.$problem

Por favor, reenvie o arquivo com o texto do trabalho.

.Na URL abaixo você poderá verificar as submissões sob sua responsabilidade:
$HOME

.Cordialmente,

.Andrea Charão (UFSM) e Tatiana dos Santos (Ceitec)
.Coordenadoras do Fórum de Pós-Graduação
.ERAD 2012 - http://www.uricer.edu.br/~erad2012</field>
	<field name="review_assigned">Prezado(a) colega $givenname $surname,

.O trabalho intitulado &quot;$papertitle&quot; foi submetido à $name. 
.Gostaríamos de contar com a sua colaboração para a revisão deste resumo estendido (2 páginas), pois acreditamos que este trabalho relaciona-se à sua área de conhecimento.

.Se você ACEITA avaliar este trabalho até o dia $due, por favor avise-nos através da URL: $AGREE

.Se você DECLINA este convite, por favor informe-nos através da URL: $DECLINE

.Por favor, procure informar sua opção em até 48h, a fim de evitarmos atrasos no processo.

.Observação: o JEMS permite que você atribua a outra pessoa a responsabilidade de revisão do resumo. Se você decidir utilizar esta opção, por favor procure escolher colaboradores que já tenham doutorado concluído (ou em conclusão), uma vez que o público-alvo do evento são alunos de mestrado e doutorado.

.Obrigada mais uma vez pela sua colaboração!

.Atenciosamente,

.Andrea Charão (UFSM) e Tatiana dos Santos (Ceitec)
.Coordenadoras do Fórum de Pós-Graduação
.ERAD 2012 - http://www.uricer.edu.br/~erad2012</field>
	<field name="tpc_assigned" xsi:nil="true" />
	<field name="tpc_invitation">.Prezado(a) colega $givenname $surname,

.Gostaríamos de convidá-lo(a) para participar do comitê de programa do Fórum de Pós-Graduação da 12a Escola Regional de Alto Desempenho (ERAD 2012). 
.Ao final deste mail, apresentamos algumas informações adicionais a fim de facilitar sua decisão. A chamada de trabalhos já divulgada também se encontra mais abaixo.

.Para aceitar nosso convite, acesse a URL: 
$TPCAGREE.

.Caso não seja possível aceitá-lo, por favor avise-nos acessando a URL: 
$TPCDECLINE.

.Desde já agradecemos sua colaboração e colocamo-nos à disposição para quaisquer esclarecimentos.

Cordialmente,

.Andrea Charão (UFSM) e Tatiana dos Santos (Ceitec)
.Coordenadoras do Fórum de Pós-Graduação
.ERAD 2012 - http://www.uricer.edu.br/~erad2012

.*INFORMAÇÕES ADICIONAIS*

.1) O Fórum de Pós-Graduação da ERAD é um espaço para apresentação de trabalhos de alunos de pós-graduação, com o objetivo de incentivar a troca de experiências e divulgar pesquisas que estão sendo desenvolvidas em programas de pós-graduação em áreas relacionadas ao processamento de alto desempenho.

.2) Os trabalhos serão submetidos na forma de resumos expandidos (2 páginas), até dia 05/12/2011. Esse prazo pode ter uma pequena extensão, como ocorreu em edições anteriores. O prazo para revisão deve ficar entre 2 e 3 semanas após a distribuição dos artigos. 

.3) Estimativa de trabalho: considerando o número de avaliadores convidados e o histórico de submissões ao Fórum de Pós-Graduação da ERAD, a previsão é de cerca de 2 trabalhos para cada integrante do comitê. 


.*CHAMADA DE TRABALHOS*

.===============================================================================
.ERAD 2012 - 12a Escola Regional de Alto Desempenho
.20 a 23 de março de 2012 - Erechim - RS

.http://www.uricer.edu.br/~erad2012

.Apresentação
.   A 12a Escola Regional de Alto Desempenho - ERAD 2012 é um evento
.   promovido pela Sociedade Brasileira de Computação - SBC e pela Comissão
.   Regional de Alto Desempenho do Rio Grande do Sul - CRAD/RS, que será 
.   realizado na Universidade Regional Integrada do Alto Uruguai e das 
.   Missões (URI), Campus de Erechim, RS, de 20 a 23 de março de 2012.

.Datas importantes
.   Submissão de trabalhos:    05/12/2011
.   Notificação de aceitação:  19/12/2011
.   Entrega da versão final:   08/01/2012
.   Realização do evento:      20 a 23/03/2012

.Objetivos
.   - Qualificar os profissionais do Rio Grande do Sul nas áreas que 
.     compõem o processamento de alto desempenho.
.   - Prover um fórum regular onde possam ser apresentados os
.     avanços recentes nessas áreas.
.   - Discutir formas de ensino de processamento de alto desempenho 
.     nas universidades gaúchas.

.Público-Alvo
.   Acadêmicos de graduação, de pós-graduação, professores e
.   profissionais da área de Computação e áreas técnicas afins. 

.Sessão de Iniciação Científica
.   A Sessão de Iniciação Científica da ERAD 2011 apresentará os trabalhos
.   de pesquisa em processamento de alto desempenho, desenvolvidos pelos 
.   acadêmicos de graduação das IES gaúchas. Os resumos devem limitar-se a
.   4 páginas em língua portuguesa. A formatação do texto deve seguir o 
.   estilo da SBC. 

.Fórum de Pós-Graduação
.   O Fórum de Pós-Graduação da ERAD é um espaço para apresentação de 
.   trabalhos de alunos de pós-graduação, com o objetivo de incentivar 
.   a troca de experiências e divulgar pesquisas em andamento e resultados 
.   obtidos. Os resumos devem limitar-se a 2 páginas em língua portuguesa. 
.   A formatação do texto deve seguir o estilo da SBC, sem as seções 
.   &quot;Abstract&quot; e &quot;Resumo&quot;. 

.Submissões
.   Os trabalhos devem ser submetidos em formato PDF em: 
.   https://submissoes.sbc.org.br

.Tópicos de interesse
.   Os autores são convidados a submeter resumos de trabalhos que abordem
.   tópicos da lista (não exaustiva) apresentada a seguir:
.   - Algoritmos Paralelos e Distribuídos
.   - Aplicações Paralelas para Solução de Problemas Reais
.   - Arquitetura de Computadores
.   - Arquiteturas Avançadas de Processadores
.   - Arquiteturas Dedicadas e Específicas
.   - Arquitetura e Sistemas Tolerantes a Falhas
.   - Avaliação, Medição e Predição de Desempenho
.   - Balanceamento de Carga para Sistemas de Alto Desempenho
.   - Computação Heterogênea
.   - Computação Móvel de Alto Desempenho
.   - Escalonamento e Balanceamento de Carga
.   - Linguagens, Compiladores e Ferramentas de Computação Paralela e Distribuída
.   - Memória Compartilhada Distribuída (DSM)
.   - Redes e Protocolos de Comunicação de Alto Desempenho
.   - Simulação de Arquiteturas e Sistemas Paralelos e Distribuídos
.   - Sistemas de Arquivos e de Entrada e Saída de Alto Desempenho
.   - Sistemas de Banco de Dados Paralelos e Distribuídos
.   - Sistemas de Memória
.   - Sistemas Distribuídos
.   - Aglomerados (Clusters)
.   - Grades (Grids)
.   - Sistemas Operacionais
.   - Sistemas Reconfiguráveis
.   - Software Básico para Computação Paralela e Distribuída
.   - Técnicas e Métodos de Extração de Paralelismo
.   - Computação em Nuvem

.Comissão Executiva da CRAD/RS
.   Prof. César A. F. de Rose (PUCRS)
.   Prof. Carlos A. Holbig (UPF)
.   Prof. Benhur Stein (UFSM)
.   Prof. Gerson G. H. Cavalheiro (UFPEL)
.   Prof. Nicolas Maillard (UFRGS)

.Coordenação da Sessão de Iniciação Científica
.   Profa. Daniela Saccol Peranconi (UNISC)
.   Prof. Luciano Lores Caimi (UFFS)

.Coordenação do Fórum de Pós-Graduação
.   Profa. Andrea Schwertner Charão (UFSM)
.   Profa. Tatiana dos Santos (Ceitec)

.Coordenação da ERAD 2012
.   Prof. Carlos Amaral Hölbig (UPF)
.   Prof. Alexandro Magno dos Santos Adário (URI)
.   Profa. Márcia Cristina Cera (UNIPAMPA)

.Promoção
.   Sociedade Brasileira de Computação (SBC)</field>
	<field name="review_confirmed">.Prezado(a) colega $givenname $surname,

Obrigada por aceitar revisar o artigo &quot;$papertitle&quot;, para a $name.

O formulário de revisão está acessível através da URL: $REVIEW

Por favor, responda a todas as questões e, em seguida, pressione o botão Submit para finalizar a revisão. 

As revisões devem ser concluídas até o dia $due. Por favor, procure respeitar esse prazo para não provocar atrasos nas demais etapas do processo. 

Mais uma vez obrigada pela sua colaboração,

.Andrea Charão (UFSM) e Tatiana dos Santos (Ceitec)
.Coordenadoras do Fórum de Pós-Graduação
.ERAD 2012 - http://www.uricer.edu.br/~erad2012</field>
	<field name="review_declined">.Prezado(a) colega $title $givenname $surname,

.Esta mensagem confirma que você não aceitou avaliar o artigo &quot;$papertitle&quot;, submetido à $name.

.Atenciosamente,

.Andrea Charão (UFSM) e Tatiana dos Santos (Ceitec)
.Coordenadoras do Fórum de Pós-Graduação
.ERAD 2012 - http://www.uricer.edu.br/~erad2012</field>
	<field name="review_created">.Prezado(a) colega $title $givenname $surname,

.Obrigada por concluir a avaliação do artigo intitulado &quot;$papertitle&quot;.

.Atenciosamente,

.Andrea Charão (UFSM) e Tatiana dos Santos (Ceitec)
.Coordenadoras do Fórum de Pós-Graduação
.ERAD 2012 - http://www.uricer.edu.br/~erad2012</field>
	<field name="reminder">Prezado(a) colega $givenname $surname,

.Gostaríamos de concluir até $due a etapa de revisão dos resumos do Fórum de Pós-Graduação da ERAD 2012.

.Por favor, procure respeitar esse prazo para que possamos iniciar as próximas etapas da organização do evento. Se houver algum impedimento, por gentileza nos avise.

.As avaliações sob sua responsabilidade estão acessíveis em:
.$HOME
 
.Agradecemos mais uma vez sua inestimável colaboração no processo de avaliação dos trabalhos.

.Atenciosamente,

.Andrea Charão (UFSM) e Tatiana dos Santos (Ceitec)
.Coordenadoras do Fórum de Pós-Graduação
.ERAD 2012 - http://www.uricer.edu.br/~erad2012</field>
	<field name="overdue">.Prezado(a) colega $givenname,

.A data limite para revisão das submissões à $name foi fixada em $due e já foi atingida. Sabemos que o prazo foi curto e que o período é de férias, mas mesmo assim gostaríamos de contar com sua cooperação para que possamos concluir mais esta etapa da organização do evento.
 
.Por favor, verifique na URL abaixo as revisões sob sua responsabilidade:
.$REVIEW

.Se possível, procure completar suas revisões pendentes até a próxima segunda (11/01/12), de preferência pela manhã. Caso haja algum impedimento, por favor entre em contato com as coordenadoras do fórum.

.Agradecemos novamente sua cooperação.

.Cordialmente,

.Andrea Charão (UFSM) e Tatiana dos Santos (Ceitec)
.Coordenadoras do Fórum de Pós-Graduação
.ERAD 2012 - http://www.uricer.edu.br/~erad2012</field>
	<field name="withdrawn">.Prezado(a) $title $givenname $surname,

.Seu trabalho intitulado &quot;$papertitle&quot; (número $paper) foi retirado do processo de avaliação da $name. 

.Esta operação ocorreu pelo seguinte motivo:
$reason

.Atenciosamente,

.Andrea Charão (UFSM) e Tatiana dos Santos (Ceitec)
.Coordenadoras do Fórum de Pós-Graduação
.ERAD 2012 - http://www.uricer.edu.br/~erad2012</field>
	<field name="accepted">.Prezado(a) $title $givenname $surname, 

.Parabéns! Seu trabalho intitulado &quot;$papertitle&quot; (número $paper) foi selecionado para a $name.

.Os comentários dos revisores estão disponíveis em $PAPER e também ao final deste e-mail.

.A versão final deve ser submetida até *23 de janeiro de 2012*, para que possa integrar os anais e a agenda do evento.

.Por favor, considere as recomendações dos revisores na preparação da versão final do seu texto. 

.Solicitamos atenção especial às seguintes instruções de formatação:
.- seguir o estilo da SBC, sem as seções Resumo e Abstract
.- não numerar as páginas do texto

.Aguardamos sua presença em Erechim, RS, de 20 a 23 de março de 2012, para participação na 12a Escola Regional de Alto Desempenho.

.Cordialmente,

.Andrea Charão (UFSM) e Tatiana dos Santos (Ceitec)
.Coordenadoras do Fórum de Pós-Graduação
.ERAD 2012 - http://www.uricer.edu.br/~erad2012

-------------------

.Comentários dos revisores:

$reviews</field>
	<field name="rejected">Prezado(a) $title $givenname $surname,

.Infelizmente seu trabalho intitulado &quot;$papertitle&quot; (número $paper) não foi aceito para apresentação na $name. 

.As avaliações de seu trabalho encontram-se no final desta mensagem e também estão disponíveis em: $PAPER. 
.Esperamos que elas possam ser úteis na continuação de seu trabalho.

.Agradecemos sua submissão à $name e esperamos mesmo assim contar com sua participação no evento, de 20 a 23 de março de 2012, em Erechim.

.Atenciosamente, 

.Andrea Charão (UFSM) e Tatiana dos Santos (Ceitec)
.Coordenadoras do Fórum de Pós-Graduação
.ERAD 2012 - http://www.uricer.edu.br/~erad2012


-------------------

$reviews</field>
	<field name="block_review">false</field>
	<field name="tpc_list_all_papers">false</field>
	<field name="tpc_paper_ranking">false</field>
	<field name="start_remind">2011-11-22 00:00:00</field>
	<field name="pub_checkitem1" xsi:nil="true" />
	<field name="pub_visibility1" xsi:nil="true" />
	<field name="pub_modifiability1" xsi:nil="true" />
	<field name="pub_checkitem2" xsi:nil="true" />
	<field name="pub_visibility2" xsi:nil="true" />
	<field name="pub_modifiability2" xsi:nil="true" />
	<field name="pub_checkitem3" xsi:nil="true" />
	<field name="pub_visibility3" xsi:nil="true" />
	<field name="pub_modifiability3" xsi:nil="true" />
	<field name="pub_checkitem4" xsi:nil="true" />
	<field name="pub_visibility4" xsi:nil="true" />
	<field name="pub_modifiability4" xsi:nil="true" />
	<field name="pub_checkitem5" xsi:nil="true" />
	<field name="pub_visibility5" xsi:nil="true" />
	<field name="pub_modifiability5" xsi:nil="true" />
	<field name="extended_topics_root">0</field>
	<field name="extended_topics"></field>
	<field name="payment_type" xsi:nil="true" />
	<field name="payment_date" xsi:nil="true" />
	<field name="value_paid" xsi:nil="true" />
	<field name="requester" xsi:nil="true" />
	<field name="publicationMedium" xsi:nil="true" />
	<field name="useDocoloc">0</field>
	<field name="useFeedback">false</field>
	<field name="enabled">1</field>
	<field name="listing_reviews" xsi:nil="true" />
	<field name="copyright">none</field>
	<field name="useVisa">0</field>
	<field name="confnameToVisaLetter" xsi:nil="true" />
	<field name="IEEE_ArtSource" xsi:nil="true" />
	<field name="creation_date">2011-10-31</field>
	<field name="creator">14601</field>
	<field name="canDelegate">true</field>
	<field name="canAssign">true</field>
	<field name="canBid">true</field>
	<field name="labels" xsi:nil="true" />
	<field name="submitReviewedFile">false</field>
	<field name="isbn" xsi:nil="true" />
  </row>
</resultset>
