<?xml version="1.0"?>

<resultset statement="SELECT * FROM emaillog WHERE conference=1507
" xmlns:xsi="http://www.w3.org/2001/XMLSchema-instance">
  <row>
	<field name="email">14719</field>
	<field name="conference">1507</field>
	<field name="subject">Inscrição de autores na ERAD 2012</field>
	<field name="emailtext">Prezados autores,

Informamos que as inscrições para a ERAD 2012 estão abertas. 

Para confirmação da publicação de seu artigo nos anais do evento solicitamos que até o dia 10/02/12 seja efetuada a inscrição de, pelo menos, um dos autores do artigo. 

As inscrições poderão ser realizadas pelo link https://centraldesistemas.sbc.org.br/ecos/erad2012

Atenciosamente,

Comissão Organizadora da ERAD 2012</field>
	<field name="sent">2012-01-25 16:02:08</field>
  </row>

  <row>
	<field name="email">14886</field>
	<field name="conference">1507</field>
	<field name="subject">Programação do Fórum de PG da ERAD 2012</field>
	<field name="emailtext">Prezados autores,

Informamos que já está disponível na página da ERAD 2012 a programação das apresentação da Sessão de IC (http://www.uricer.edu.br/~erad2012/erad2012-programacao-forumpg.pdf).

Comissão Organizadora ERAD 2012</field>
	<field name="sent">2012-03-13 23:06:03</field>
  </row>

  <row>
	<field name="email">14887</field>
	<field name="conference">1507</field>
	<field name="subject">ERAD 2012: InstruÃ§Ãµes aos apresentadores do FÃ³rum de PG</field>
	<field name="emailtext">.Prezado(a) autor(a), 

.Complementando a mensagem enviada ontem pela ComissÃ£o Organizadora, gostarÃ-amos de fornecer algumas informaÃ§Ãµes complementares e solicitar a confirmaÃ§Ã£o (ou nÃ£o) de sua apresentaÃ§Ã£o.

.Temos um total de 20min para cada trabalho no FÃ³rum de PG, incluindo tempo para apresentaÃ§Ã£o e discussÃ£o. Assim, recomendamos que vocÃª prepare uma apresentaÃ§Ã£o de no mÃximo 15min, pois assim teremos tempo razoÃvel para perguntas e respostas.

.Se possÃ-vel, esteja presente desde o inÃ-cio de sua sessÃ£o, mesmo que seu trabalho nÃ£o seja o primeiro. Se vocÃª puder nos enviar seus slides com atÃ© 24h de antecedÃªncia, poderemos copiÃ-los para o computador de apresentaÃ§Ã£o, agilizando o processo. Para isso, basta nos enviar o arquivo (preferencialmente PDF). Leve tambÃ©m uma cÃ³pia em pendrive, como &quot;plano B&quot;.

.Por fim, solicitamos a gentileza de indicar se vocÃª irÃ ou nÃ£o apresentar seu trabalho. Para isso, preencha este formulÃrio: https://spreadsheets.google.com/a/inf.ufsm.br/spreadsheet/viewform?formkey=dF9YaGFhWTZoMkR3MUY0MW1BeTF1TEE6MQ

.Procure fazer essa confirmaÃ§Ã£o o mais rapidamente possÃ-vel. ApresentaÃ§Ãµes nÃ£o confirmadas atÃ© a prÃ³xima semana correm o risco de ser canceladas.

.Agradecemos sua colaboraÃ§Ã£o e aguardamos sua presenÃ§a em Erechim.

.Atenciosamente,

.Andrea CharÃ£o (UFSM) e Tatiana dos Santos (Ceitec)
.Coordenadoras do FÃ³rum de PÃ³s-GraduaÃ§Ã£o
.ERAD 2012 - http://www.uricer.edu.br/~erad2012</field>
	<field name="sent">2012-03-14 09:53:18</field>
  </row>

  <row>
	<field name="email">14888</field>
	<field name="conference">1507</field>
	<field name="subject">ERAD 2012: InstruÃ§Ãµes aos apresentadores do FÃ³rum de PG</field>
	<field name="emailtext">Prezado(a) autor(a), 

Complementando a mensagem enviada ontem pela ComissÃ£o Organizadora, gostarÃ-amos de fornecer algumas informaÃ§Ãµes complementares e solicitar a confirmaÃ§Ã£o (ou nÃ£o) de sua apresentaÃ§Ã£o.

Temos um total de 20min para cada trabalho no FÃ³rum de PG, incluindo tempo para apresentaÃ§Ã£o e discussÃ£o. Assim, recomendamos que vocÃª prepare uma apresentaÃ§Ã£o de no mÃximo 15min, pois assim teremos tempo razoÃvel para perguntas e respostas.

Se possÃ-vel, esteja presente desde o inÃ-cio de sua sessÃ£o, mesmo que seu trabalho nÃ£o seja o primeiro. Se vocÃª puder nos enviar seus slides com atÃ© 24h de antecedÃªncia, poderemos copiÃ-los para o computador de apresentaÃ§Ã£o, agilizando o processo. Para isso, basta nos enviar o arquivo (preferencialmente PDF). Leve tambÃ©m uma cÃ³pia em pendrive, como &quot;plano B&quot;.

Por fim, solicitamos a gentileza de indicar se vocÃª irÃ ou nÃ£o apresentar seu trabalho. Para isso, preencha este formulÃrio: https://spreadsheets.google.com/a/inf.ufsm.br/spreadsheet/viewform?formkey=dF9YaGFhWTZoMkR3MUY0MW1BeTF1TEE6MQ

Procure fazer essa confirmaÃ§Ã£o o mais rapidamente possÃ-vel. ApresentaÃ§Ãµes nÃ£o confirmadas atÃ© a prÃ³xima semana correm o risco de ser canceladas.

Agradecemos sua colaboraÃ§Ã£o e aguardamos sua presenÃ§a em Erechim.

Atenciosamente,

Andrea CharÃ£o (UFSM) e Tatiana dos Santos (Ceitec)
Coordenadoras do FÃ³rum de PÃ³s-GraduaÃ§Ã£o
ERAD 2012 - http://www.uricer.edu.br/~erad2012</field>
	<field name="sent">2012-03-14 09:54:56</field>
  </row>

  <row>
	<field name="email">14889</field>
	<field name="conference">1507</field>
	<field name="subject">ERAD 2012: InstruÃ§Ãµes aos apresentadores do FÃ³rum de PG</field>
	<field name="emailtext">Prezado(a) autor(a), 

.Complementando a mensagem enviada ontem pela ComissÃ£o Organizadora, gostarÃ-amos de lhe fornecer algumas informaÃ§Ãµes complementares e solicitar a confirmaÃ§Ã£o (ou nÃ£o) de sua apresentaÃ§Ã£o.

Temos um total de 20min para cada trabalho no FÃ³rum de PG, incluindo tempo para apresentaÃ§Ã£o e discussÃ£o. Assim, recomendamos que vocÃª prepare uma apresentaÃ§Ã£o de no mÃximo 15min, pois assim teremos tempo razoÃvel para perguntas e respostas.

Se possÃ-vel, esteja presente desde o inÃ-cio de sua sessÃ£o, mesmo que seu trabalho nÃ£o seja o primeiro. Se vocÃª puder nos enviar seus slides com atÃ© 24h de antecedÃªncia, poderemos copiÃ-los para o computador de apresentaÃ§Ã£o, agilizando o processo. Para isso, basta nos enviar o arquivo (preferencialmente PDF). Leve tambÃ©m uma cÃ³pia em pendrive, como &quot;plano B&quot;.

Por fim, solicitamos a gentileza de indicar se vocÃª irÃ ou nÃ£o apresentar seu trabalho. Para isso, preencha este formulÃrio: https://spreadsheets.google.com/a/inf.ufsm.br/spreadsheet/viewform?formkey=dF9YaGFhWTZoMkR3MUY0MW1BeTF1TEE6MQ

Procure fazer essa confirmaÃ§Ã£o o mais rapidamente possÃ-vel. ApresentaÃ§Ãµes nÃ£o confirmadas atÃ© a prÃ³xima semana correm o risco de ser canceladas.

Agradecemos sua colaboraÃ§Ã£o e aguardamos sua presenÃ§a em Erechim.

Atenciosamente,

Andrea CharÃ£o (UFSM) e Tatiana dos Santos (Ceitec)
Coordenadoras do FÃ³rum de PÃ³s-GraduaÃ§Ã£o
ERAD 2012 - http://www.uricer.edu.br/~erad2012</field>
	<field name="sent">2012-03-14 09:56:10</field>
  </row>

  <row>
	<field name="email">14890</field>
	<field name="conference">1507</field>
	<field name="subject">ERAD 2012: InstruÃ§Ãµes aos apresentadores do FÃ³rum de PG</field>
	<field name="emailtext">Prezado(a) autor(a), 

Complementando a mensagem enviada ontem pela ComissÃ£o Organizadora, gostarÃ-amos de lhe fornecer algumas informaÃ§Ãµes complementares e solicitar a confirmaÃ§Ã£o (ou nÃ£o) de sua apresentaÃ§Ã£o.

Temos um total de 20min para cada trabalho no FÃ³rum de PG, incluindo tempo para apresentaÃ§Ã£o e discussÃ£o. Assim, recomendamos que vocÃª prepare uma apresentaÃ§Ã£o de no mÃximo 15min, pois assim teremos tempo razoÃvel para perguntas e respostas.

Se possÃ-vel, esteja presente desde o inÃ-cio de sua sessÃ£o, mesmo que seu trabalho nÃ£o seja o primeiro. Se vocÃª puder nos enviar seus slides com atÃ© 24h de antecedÃªncia, poderemos copiÃ-los para o computador de apresentaÃ§Ã£o, agilizando o processo. Para isso, basta nos enviar o arquivo (preferencialmente PDF) por e-mail. Leve tambÃ©m uma cÃ³pia em pendrive, como &quot;plano B&quot;.

Por fim, solicitamos a gentileza de nos confirmar se seu trabalho serÃ ou nÃ£o apresentado no evento. Para isso, um dos autores deve preencher este formulÃrio: https://spreadsheets.google.com/a/inf.ufsm.br/spreadsheet/viewform?formkey=dF9YaGFhWTZoMkR3MUY0MW1BeTF1TEE6MQ

Procure fazer essa confirmaÃ§Ã£o o mais rapidamente possÃ-vel. ApresentaÃ§Ãµes nÃ£o confirmadas atÃ© a prÃ³xima semana correm o risco de ser reagendadas.

Agradecemos sua colaboraÃ§Ã£o e aguardamos sua presenÃ§a em Erechim.

Atenciosamente,

Andrea CharÃ£o (UFSM) e Tatiana dos Santos (Ceitec)
Coordenadoras do FÃ³rum de PÃ³s-GraduaÃ§Ã£o
ERAD 2012 - http://www.uricer.edu.br/~erad2012</field>
	<field name="sent">2012-03-14 09:59:26</field>
  </row>

  <row>
	<field name="email">14891</field>
	<field name="conference">1507</field>
	<field name="subject">ERAD 2012: InstruÃ§Ãµes aos apresentadores do FÃ³rum de PG</field>
	<field name="emailtext">Prezado(a) autor(a), 

Complementando a mensagem enviada ontem pela ComissÃ£o Organizadora, gostarÃ-amos de lhe fornecer algumas informaÃ§Ãµes complementares e solicitar a confirmaÃ§Ã£o (ou nÃ£o) de sua apresentaÃ§Ã£o.

Temos um total de 20min para cada trabalho no FÃ³rum de PG, incluindo tempo para apresentaÃ§Ã£o e discussÃ£o. Assim, recomendamos que os autores preparem uma apresentaÃ§Ã£o de no mÃximo 15min, pois assim teremos tempo razoÃvel para perguntas e respostas.

Se possÃ-vel, esteja presente desde o inÃ-cio de sua sessÃ£o, mesmo que seu trabalho nÃ£o seja o primeiro. Se vocÃª puder nos enviar seus slides com atÃ© 24h de antecedÃªncia, poderemos copiÃ-los para o computador de apresentaÃ§Ã£o, agilizando o processo. Para isso, basta nos enviar o arquivo (preferencialmente PDF) por e-mail. Leve tambÃ©m uma cÃ³pia em pendrive, como &quot;plano B&quot;.

Por fim, solicitamos a gentileza de nos confirmar se seu trabalho serÃ ou nÃ£o apresentado no evento. Para isso, um dos autores deve preencher este formulÃrio: https://spreadsheets.google.com/a/inf.ufsm.br/spreadsheet/viewform?formkey=dF9YaGFhWTZoMkR3MUY0MW1BeTF1TEE6MQ

Procure fazer essa confirmaÃ§Ã£o o mais rapidamente possÃ-vel. ApresentaÃ§Ãµes nÃ£o confirmadas atÃ© a prÃ³xima semana correm o risco de ser reagendadas.

Agradecemos sua colaboraÃ§Ã£o e aguardamos sua presenÃ§a em Erechim.

Atenciosamente,

Andrea CharÃ£o (UFSM) e Tatiana dos Santos (Ceitec)
Coordenadoras do FÃ³rum de PÃ³s-GraduaÃ§Ã£o
ERAD 2012 - http://www.uricer.edu.br/~erad2012</field>
	<field name="sent">2012-03-14 10:02:47</field>
  </row>

  <row>
	<field name="email">14907</field>
	<field name="conference">1507</field>
	<field name="subject">ERAD 2012: Chairs de sessÃµes no FÃ³rum de PG</field>
	<field name="emailtext">Caro colega do comitÃª de programa da ERAD 2012 (PG),

A programaÃ§Ã£o do FÃ³rum de PG estÃ disponÃ-vel em:
http://www.uricer.edu.br/~erad2012/erad2012-programacao-forumpg.pdf

Como o fÃ³rum Ã© um espaÃ§o de discussÃ£o sobre nossas pesquisas, seria muito bom contar com sua opiniÃ£o crÃ-tica nesta sessÃ£o do evento.

AlÃ©m disso, estamos fazendo um levantamento de membros do comitÃª que poderiam atuar como &quot;chairs&quot; de sessÃµes no FÃ³rum de PG (sexta-feira), juntamente com as coordenadoras. Se vocÃª estiver disponÃ-vel para isso, por favor nos avise.

Obrigada e bom fim de semana,

Andrea CharÃ£o (UFSM) e Tatiana dos Santos (Ceitec)
Coordenadoras do FÃ³rum de PÃ³s-GraduaÃ§Ã£o
ERAD 2012 - http://www.uricer.edu.br/~erad2012</field>
	<field name="sent">2012-03-16 15:53:16</field>
  </row>

  <row>
	<field name="email">14908</field>
	<field name="conference">1507</field>
	<field name="subject">ERAD 2012: Chairs de sessÃµes no FÃ³rum de PG</field>
	<field name="emailtext">Caro colega do comitÃª de programa da ERAD 2012 (PG),

A programaÃ§Ã£o do FÃ³rum de PG estÃ em:
http://www.uricer.edu.br/~erad2012/erad2012-programacao-forumpg.pdf

Como o fÃ³rum Ã© um espaÃ§o de discussÃ£o sobre nossas pesquisas, seria muito bom contar com sua opiniÃ£o crÃ-tica nesta sessÃ£o do evento.

AlÃ©m disso, estamos fazendo um levantamento de membros do comitÃª que poderiam atuar como &quot;chairs&quot; de sessÃµes no FÃ³rum de PG (sexta-feira), juntamente com as coordenadoras. Se vocÃª estiver disponÃ-vel para isso, por favor nos avise.

Obrigada e bom fim de semana,

Andrea CharÃ£o (UFSM) e Tatiana dos Santos (Ceitec)
Coordenadoras do FÃ³rum de PÃ³s-GraduaÃ§Ã£o
ERAD 2012 - http://www.uricer.edu.br/~erad2012</field>
	<field name="sent">2012-03-16 16:01:30</field>
  </row>

  <row>
	<field name="email">14909</field>
	<field name="conference">1507</field>
	<field name="subject">ERAD 2012: Chairs de sessÃµes no FÃ³rum de PG</field>
	<field name="emailtext">Caro colega do comitÃª de programa da ERAD 2012 (PG),

A programaÃ§Ã£o do FÃ³rum de PG foi divulgada:
http://www.uricer.edu.br/~erad2012/erad2012-programacao-forumpg.pdf

Como o fÃ³rum Ã© um espaÃ§o de discussÃ£o sobre nossas pesquisas, seria muito bom contar com sua presenÃ§a nesta sessÃ£o do evento.

AlÃ©m disso, estamos fazendo um levantamento de membros do comitÃª que poderiam atuar como &quot;chairs&quot; de sessÃµes no FÃ³rum de PG (sexta-feira), juntamente com as coordenadoras. Se vocÃª estiver disponÃ-vel para isso, por favor nos avise.

Obrigada e bom fim de semana,

Andrea CharÃ£o (UFSM) e Tatiana dos Santos (Ceitec)
Coordenadoras do FÃ³rum de PÃ³s-GraduaÃ§Ã£o
ERAD 2012 - http://www.uricer.edu.br/~erad2012</field>
	<field name="sent">2012-03-16 16:02:29</field>
  </row>

  <row>
	<field name="email">14911</field>
	<field name="conference">1507</field>
	<field name="subject">dd</field>
	<field name="emailtext">ddd</field>
	<field name="sent">2012-03-19 07:08:23</field>
  </row>
</resultset>
