<?xml version="1.0"?>

<resultset statement="SELECT * FROM papergroup WHERE conference=1507
" xmlns:xsi="http://www.w3.org/2001/XMLSchema-instance">
  <row>
	<field name="papergroup">5992</field>
	<field name="conference">1507</field>
	<field name="name">Accept</field>
  </row>

  <row>
	<field name="papergroup">5993</field>
	<field name="conference">1507</field>
	<field name="name">Likely accept</field>
  </row>

  <row>
	<field name="papergroup">5994</field>
	<field name="conference">1507</field>
	<field name="name">Likely reject</field>
  </row>

  <row>
	<field name="papergroup">5995</field>
	<field name="conference">1507</field>
	<field name="name">Reject</field>
  </row>
</resultset>
