<?xml version="1.0"?>

<resultset statement="SELECT * FROM paper WHERE conference=1507
" xmlns:xsi="http://www.w3.org/2001/XMLSchema-instance">
  <row>
	<field name="paper">95242</field>
	<field name="conference">1507</field>
	<field name="author1">7594</field>
	<field name="author2">32803</field>
	<field name="author3" xsi:nil="true" />
	<field name="author4" xsi:nil="true" />
	<field name="author5" xsi:nil="true" />
	<field name="author6" xsi:nil="true" />
	<field name="author7" xsi:nil="true" />
	<field name="author8" xsi:nil="true" />
	<field name="corr">1</field>
	<field name="papertitle">Refinamento em Tempo de Execução de Malhas Irregulares Paralelamente Distribuídas</field>
	<field name="abstract">Técnicas de refinamento de malhas são frequentemente citadas na literatura como um meio de representar geometrias complexas e aumentar a resolução local de um domínio, através da adoção de uma malha mais fina em um determinado momento da simulação. Sistemas numéricos eficientes podem ser escritos para sobrepor a grade original por uma grade refinada desde que estas sejam do tipo estruturada e Cartesiana.
Entretanto, soluções desse tipo são restritas a malhas estruturadas e não cobrem aplicações que utilizam decomposição de domínios triangulares. Neste contexto, este trabalho propõe o refinamento em tempo de execução de malhas não estruturadas paralelamente distribuídas.
A implementação proposta neste trabalho agrega maior precisão às simulações se aumentar muito o tempo de execução total.</field>
	<field name="contribution"></field>
	<field name="topics">1</field>
	<field name="type" xsi:nil="true" />
	<field name="category" xsi:nil="true" />
	<field name="random">747630399</field>
	<field name="track">3516</field>
	<field name="status">accepted</field>
	<field name="printingproblem" xsi:nil="true" />
	<field name="note" xsi:nil="true" />
	<field name="tpcgroup" xsi:nil="true" />
	<field name="correction" xsi:nil="true" />
	<field name="rebuttal" xsi:nil="true" />
	<field name="session" xsi:nil="true" />
	<field name="session_seq" xsi:nil="true" />
	<field name="notified">2012-01-16 21:58:56</field>
	<field name="copyrightform" xsi:nil="true" />
	<field name="hardcopy" xsi:nil="true" />
	<field name="page">0</field>
	<field name="papergroup" xsi:nil="true" />
	<field name="accept"></field>
	<field name="pub_item1">false</field>
	<field name="pub_item2">false</field>
	<field name="pub_item3">false</field>
	<field name="pub_item4">false</field>
	<field name="pub_item5">false</field>
	<field name="extended_topics"></field>
	<field name="ieeeCopyrightStatus">none</field>
	<field name="ieeeCopyrightType"></field>
	<field name="text_1" xsi:nil="true" />
	<field name="text_2" xsi:nil="true" />
	<field name="text_3" xsi:nil="true" />
	<field name="text_4" xsi:nil="true" />
	<field name="text_5" xsi:nil="true" />
	<field name="text_6" xsi:nil="true" />
	<field name="text_7" xsi:nil="true" />
	<field name="text_8" xsi:nil="true" />
	<field name="text_9" xsi:nil="true" />
	<field name="text_10" xsi:nil="true" />
	<field name="select_1" xsi:nil="true" />
	<field name="select_2" xsi:nil="true" />
	<field name="select_3" xsi:nil="true" />
	<field name="select_4" xsi:nil="true" />
	<field name="select_5" xsi:nil="true" />
	<field name="select_6" xsi:nil="true" />
	<field name="select_7" xsi:nil="true" />
	<field name="select_8" xsi:nil="true" />
	<field name="select_9" xsi:nil="true" />
	<field name="select_10" xsi:nil="true" />
	<field name="no_show">false</field>
  </row>

  <row>
	<field name="paper">95487</field>
	<field name="conference">1507</field>
	<field name="author1">112324</field>
	<field name="author2">40079</field>
	<field name="author3">112325</field>
	<field name="author4">2804</field>
	<field name="author5" xsi:nil="true" />
	<field name="author6" xsi:nil="true" />
	<field name="author7" xsi:nil="true" />
	<field name="author8" xsi:nil="true" />
	<field name="corr">1</field>
	<field name="papertitle">EXEHDA-UC: Gerenciamento de Servidores de Contexto Distribuídos direcionado à  Computação Ubíqua</field>
	<field name="abstract">As aplicaÃ§Ãµes ubï¿½-quas precisam adaptar-se ao ambiente, compreendendo o contexto em que estÃ£o inseridas. Essa nova classe de sistemas computacionais, adaptativos ao contexto, abre perspectivas para o desenvolvimento de aplicaÃ§Ãµes mais ricas, elaboradas e complexas, que exploram a natureza dinï¿½cmica, a mobilidade do usuï¿½rio e a heterogeneidade de dispositivos. Entretanto, o desenvolvimento de aplicaÃ§Ãµes que se adaptem continuamente ao ambiente e permaneÃ§am operacionais, mesmo quando o indivï¿½-duo se movimentar ou trocar de dispositivo, continua um desafio de pesquisa em aberto. O objetivo central da pesquisa em desenvolvimento Ã© avaliar a utilizaÃ§Ã£o da estratÃ©gia de ambientes Federados no Subsistema de Reconhecimento e AdaptaÃ§Ã£o do EXEHDA, particularmente na organizaÃ§Ã£o dos Servidores de Contexto existentes nas CÃ©lulas de ExecuÃ§Ã£o, provendo uma arquitetura de gerencia que permita uma visÃ£o unificada, considerando os interesses das aplicaÃ§Ãµes, e os contextos aquisitados nas diferentes cÃ©lulas.</field>
	<field name="contribution"></field>
	<field name="topics">18,25</field>
	<field name="type" xsi:nil="true" />
	<field name="category" xsi:nil="true" />
	<field name="random">323471798</field>
	<field name="track">3516</field>
	<field name="status">accepted</field>
	<field name="printingproblem" xsi:nil="true" />
	<field name="note" xsi:nil="true" />
	<field name="tpcgroup" xsi:nil="true" />
	<field name="correction" xsi:nil="true" />
	<field name="rebuttal" xsi:nil="true" />
	<field name="session" xsi:nil="true" />
	<field name="session_seq" xsi:nil="true" />
	<field name="notified">2012-01-16 21:58:56</field>
	<field name="copyrightform" xsi:nil="true" />
	<field name="hardcopy" xsi:nil="true" />
	<field name="page">0</field>
	<field name="papergroup" xsi:nil="true" />
	<field name="accept"></field>
	<field name="pub_item1">false</field>
	<field name="pub_item2">false</field>
	<field name="pub_item3">false</field>
	<field name="pub_item4">false</field>
	<field name="pub_item5">false</field>
	<field name="extended_topics"></field>
	<field name="ieeeCopyrightStatus">none</field>
	<field name="ieeeCopyrightType"></field>
	<field name="text_1" xsi:nil="true" />
	<field name="text_2" xsi:nil="true" />
	<field name="text_3" xsi:nil="true" />
	<field name="text_4" xsi:nil="true" />
	<field name="text_5" xsi:nil="true" />
	<field name="text_6" xsi:nil="true" />
	<field name="text_7" xsi:nil="true" />
	<field name="text_8" xsi:nil="true" />
	<field name="text_9" xsi:nil="true" />
	<field name="text_10" xsi:nil="true" />
	<field name="select_1" xsi:nil="true" />
	<field name="select_2" xsi:nil="true" />
	<field name="select_3" xsi:nil="true" />
	<field name="select_4" xsi:nil="true" />
	<field name="select_5" xsi:nil="true" />
	<field name="select_6" xsi:nil="true" />
	<field name="select_7" xsi:nil="true" />
	<field name="select_8" xsi:nil="true" />
	<field name="select_9" xsi:nil="true" />
	<field name="select_10" xsi:nil="true" />
	<field name="no_show">false</field>
  </row>

  <row>
	<field name="paper">95682</field>
	<field name="conference">1507</field>
	<field name="author1">112415</field>
	<field name="author2">3045</field>
	<field name="author3">104427</field>
	<field name="author4">965</field>
	<field name="author5" xsi:nil="true" />
	<field name="author6" xsi:nil="true" />
	<field name="author7" xsi:nil="true" />
	<field name="author8" xsi:nil="true" />
	<field name="corr">1</field>
	<field name="papertitle">Análise da eficiência energética dos processadores ARM</field>
	<field name="abstract">Os atuais sistemas de HPC tem acelerado resultados de desafios cada vez maiores e mais complexos que até então eram impossíveis de serem simulados computacionalmente. Para atender esta demanda crescente de processamento, novos equipamentos estão sendo projetados almejando escalas de exaflop/s de processamento</field>
	<field name="contribution"></field>
	<field name="topics">6</field>
	<field name="type" xsi:nil="true" />
	<field name="category" xsi:nil="true" />
	<field name="random">1215548128</field>
	<field name="track">3516</field>
	<field name="status">accepted</field>
	<field name="printingproblem" xsi:nil="true" />
	<field name="note" xsi:nil="true" />
	<field name="tpcgroup" xsi:nil="true" />
	<field name="correction" xsi:nil="true" />
	<field name="rebuttal" xsi:nil="true" />
	<field name="session" xsi:nil="true" />
	<field name="session_seq" xsi:nil="true" />
	<field name="notified">2012-01-16 21:58:56</field>
	<field name="copyrightform" xsi:nil="true" />
	<field name="hardcopy" xsi:nil="true" />
	<field name="page">0</field>
	<field name="papergroup" xsi:nil="true" />
	<field name="accept"></field>
	<field name="pub_item1">false</field>
	<field name="pub_item2">false</field>
	<field name="pub_item3">false</field>
	<field name="pub_item4">false</field>
	<field name="pub_item5">false</field>
	<field name="extended_topics"></field>
	<field name="ieeeCopyrightStatus">none</field>
	<field name="ieeeCopyrightType"></field>
	<field name="text_1" xsi:nil="true" />
	<field name="text_2" xsi:nil="true" />
	<field name="text_3" xsi:nil="true" />
	<field name="text_4" xsi:nil="true" />
	<field name="text_5" xsi:nil="true" />
	<field name="text_6" xsi:nil="true" />
	<field name="text_7" xsi:nil="true" />
	<field name="text_8" xsi:nil="true" />
	<field name="text_9" xsi:nil="true" />
	<field name="text_10" xsi:nil="true" />
	<field name="select_1" xsi:nil="true" />
	<field name="select_2" xsi:nil="true" />
	<field name="select_3" xsi:nil="true" />
	<field name="select_4" xsi:nil="true" />
	<field name="select_5" xsi:nil="true" />
	<field name="select_6" xsi:nil="true" />
	<field name="select_7" xsi:nil="true" />
	<field name="select_8" xsi:nil="true" />
	<field name="select_9" xsi:nil="true" />
	<field name="select_10" xsi:nil="true" />
	<field name="no_show">false</field>
  </row>

  <row>
	<field name="paper">95689</field>
	<field name="conference">1507</field>
	<field name="author1">89937</field>
	<field name="author2">32803</field>
	<field name="author3" xsi:nil="true" />
	<field name="author4" xsi:nil="true" />
	<field name="author5" xsi:nil="true" />
	<field name="author6" xsi:nil="true" />
	<field name="author7" xsi:nil="true" />
	<field name="author8" xsi:nil="true" />
	<field name="corr">1</field>
	<field name="papertitle">Auto-tuning de Granularidade em Memórias Transacionais</field>
	<field name="abstract">Nos últimos anos, os fabricantes de hardware chegaram a um limite na quantidade de potência dissipável pelos processadores. Denominada de power wall, essa barreira alterou o rumo tomado pelo hardware na busca por máquinas com maior desempenho. Uma das formas encontradas com o objetivo de se manter os aumentos nos ganhos de desempenho em hardware foi aimplementação de processadores multicore, que podem compartilhar a carga de trabalho entre suas unidades internas de processamento. Como consequência, surgiu atualmente uma forte demanda pela paralelização de código sequencial.

Quando se implementam programas paralelos com o uso de locks, um dos problemas encontrados é o da incapacidade de composição de código atômico a partir de blocos menores de códigos atômicos. Por exemplo, uma sub-rotina que remove um elemento de uma estrutura de dados de acesso atômico e o adiciona em outra estrutura similar só pode garantir que nenhum estado intermediário será visto se ela adquirir um lock interno para cada estrutura, quebrando as suas abstrações.


A fim de se eliminar os locks para simplificar a programação paralela, surgiu uma abstração de atomicidade denominada Memórias Transacionais.</field>
	<field name="contribution"></field>
	<field name="topics">17,23</field>
	<field name="type" xsi:nil="true" />
	<field name="category" xsi:nil="true" />
	<field name="random">1930454945</field>
	<field name="track">3516</field>
	<field name="status">accepted</field>
	<field name="printingproblem" xsi:nil="true" />
	<field name="note" xsi:nil="true" />
	<field name="tpcgroup" xsi:nil="true" />
	<field name="correction" xsi:nil="true" />
	<field name="rebuttal" xsi:nil="true" />
	<field name="session" xsi:nil="true" />
	<field name="session_seq" xsi:nil="true" />
	<field name="notified">2012-01-16 21:58:57</field>
	<field name="copyrightform" xsi:nil="true" />
	<field name="hardcopy" xsi:nil="true" />
	<field name="page">0</field>
	<field name="papergroup" xsi:nil="true" />
	<field name="accept"></field>
	<field name="pub_item1">false</field>
	<field name="pub_item2">false</field>
	<field name="pub_item3">false</field>
	<field name="pub_item4">false</field>
	<field name="pub_item5">false</field>
	<field name="extended_topics"></field>
	<field name="ieeeCopyrightStatus">none</field>
	<field name="ieeeCopyrightType"></field>
	<field name="text_1" xsi:nil="true" />
	<field name="text_2" xsi:nil="true" />
	<field name="text_3" xsi:nil="true" />
	<field name="text_4" xsi:nil="true" />
	<field name="text_5" xsi:nil="true" />
	<field name="text_6" xsi:nil="true" />
	<field name="text_7" xsi:nil="true" />
	<field name="text_8" xsi:nil="true" />
	<field name="text_9" xsi:nil="true" />
	<field name="text_10" xsi:nil="true" />
	<field name="select_1" xsi:nil="true" />
	<field name="select_2" xsi:nil="true" />
	<field name="select_3" xsi:nil="true" />
	<field name="select_4" xsi:nil="true" />
	<field name="select_5" xsi:nil="true" />
	<field name="select_6" xsi:nil="true" />
	<field name="select_7" xsi:nil="true" />
	<field name="select_8" xsi:nil="true" />
	<field name="select_9" xsi:nil="true" />
	<field name="select_10" xsi:nil="true" />
	<field name="no_show">false</field>
  </row>

  <row>
	<field name="paper">95691</field>
	<field name="conference">1507</field>
	<field name="author1">95968</field>
	<field name="author2">13251</field>
	<field name="author3">2318</field>
	<field name="author4" xsi:nil="true" />
	<field name="author5" xsi:nil="true" />
	<field name="author6" xsi:nil="true" />
	<field name="author7" xsi:nil="true" />
	<field name="author8" xsi:nil="true" />
	<field name="corr">1</field>
	<field name="papertitle">Implementação de um esquema de invalidação mista na linguagem CMTJava</field>
	<field name="abstract">A computação paralela permite um grande ganho no desempenho dos programas. Apesar dos seus benefícios, esse paradigma aumenta a complexidade no desenvolvimento dos programas. As memórias transacionais são um modelo de programação alternativo aos mecanismos baseados em exclusão mútua, que fornecem uma abstração de mais alto nível para a escrita de programas concorrentes.
Este trabalho propõe o desenvolvimento de um novo sistema transacional para a CMTJava, uma extensão de Java para programação de memórias transacionais, com o objetivo de melhorar o desempenho dos programas na linguagem. Com o novo sistema transacional implementado, serão realizados testes para a comparação do desempenho desse sistema com os já implementados, e espera-se obter uma melhora considerável de desempenho na execução dos programas.</field>
	<field name="contribution"></field>
	<field name="topics">0,11,23</field>
	<field name="type" xsi:nil="true" />
	<field name="category" xsi:nil="true" />
	<field name="random">1586432832</field>
	<field name="track">3516</field>
	<field name="status">accepted</field>
	<field name="printingproblem" xsi:nil="true" />
	<field name="note" xsi:nil="true" />
	<field name="tpcgroup" xsi:nil="true" />
	<field name="correction" xsi:nil="true" />
	<field name="rebuttal" xsi:nil="true" />
	<field name="session" xsi:nil="true" />
	<field name="session_seq" xsi:nil="true" />
	<field name="notified">2012-01-23 19:08:15</field>
	<field name="copyrightform" xsi:nil="true" />
	<field name="hardcopy" xsi:nil="true" />
	<field name="page">0</field>
	<field name="papergroup" xsi:nil="true" />
	<field name="accept"></field>
	<field name="pub_item1">false</field>
	<field name="pub_item2">false</field>
	<field name="pub_item3">false</field>
	<field name="pub_item4">false</field>
	<field name="pub_item5">false</field>
	<field name="extended_topics"></field>
	<field name="ieeeCopyrightStatus">none</field>
	<field name="ieeeCopyrightType"></field>
	<field name="text_1" xsi:nil="true" />
	<field name="text_2" xsi:nil="true" />
	<field name="text_3" xsi:nil="true" />
	<field name="text_4" xsi:nil="true" />
	<field name="text_5" xsi:nil="true" />
	<field name="text_6" xsi:nil="true" />
	<field name="text_7" xsi:nil="true" />
	<field name="text_8" xsi:nil="true" />
	<field name="text_9" xsi:nil="true" />
	<field name="text_10" xsi:nil="true" />
	<field name="select_1" xsi:nil="true" />
	<field name="select_2" xsi:nil="true" />
	<field name="select_3" xsi:nil="true" />
	<field name="select_4" xsi:nil="true" />
	<field name="select_5" xsi:nil="true" />
	<field name="select_6" xsi:nil="true" />
	<field name="select_7" xsi:nil="true" />
	<field name="select_8" xsi:nil="true" />
	<field name="select_9" xsi:nil="true" />
	<field name="select_10" xsi:nil="true" />
	<field name="no_show">false</field>
  </row>

  <row>
	<field name="paper">95713</field>
	<field name="conference">1507</field>
	<field name="author1">112453</field>
	<field name="author2">8154</field>
	<field name="author3">2695</field>
	<field name="author4" xsi:nil="true" />
	<field name="author5" xsi:nil="true" />
	<field name="author6" xsi:nil="true" />
	<field name="author7" xsi:nil="true" />
	<field name="author8" xsi:nil="true" />
	<field name="corr">1</field>
	<field name="papertitle">Um SLA com foco em Nuvens Computacionais</field>
	<field name="abstract">A ComputacÃ£o em Nuvem permite o fornecimento de Tecnologia da InformaÃ§Ã£o sob a forma de um serviÃ§o adquirido sob demanda. Apesar das facilidades e
vantagens oferecidas, ainda hÃ obstÃculos Ã  sua adoÃ§Ã£o por parte dos consumidores e limitaÃ§Ãµes na prestaÃ§Ã£o dos serviÃ§os por parte dos provedores. Este trabalho concentra-se na proposta de um Acordo de NÃ-vel de ServiÃ§o (SLA) que possibilite aos consumidores e provedores de Nuvens Computacionais, criar, manter e monitorar acordos para garantia do nÃ-veis de serviÃ§os.</field>
	<field name="contribution"></field>
	<field name="topics">18,25</field>
	<field name="type" xsi:nil="true" />
	<field name="category" xsi:nil="true" />
	<field name="random">1542034516</field>
	<field name="track">3516</field>
	<field name="status">accepted</field>
	<field name="printingproblem" xsi:nil="true" />
	<field name="note" xsi:nil="true" />
	<field name="tpcgroup" xsi:nil="true" />
	<field name="correction" xsi:nil="true" />
	<field name="rebuttal" xsi:nil="true" />
	<field name="session" xsi:nil="true" />
	<field name="session_seq" xsi:nil="true" />
	<field name="notified">2012-01-23 19:08:43</field>
	<field name="copyrightform" xsi:nil="true" />
	<field name="hardcopy" xsi:nil="true" />
	<field name="page">0</field>
	<field name="papergroup" xsi:nil="true" />
	<field name="accept"></field>
	<field name="pub_item1">false</field>
	<field name="pub_item2">false</field>
	<field name="pub_item3">false</field>
	<field name="pub_item4">false</field>
	<field name="pub_item5">false</field>
	<field name="extended_topics"></field>
	<field name="ieeeCopyrightStatus">none</field>
	<field name="ieeeCopyrightType"></field>
	<field name="text_1" xsi:nil="true" />
	<field name="text_2" xsi:nil="true" />
	<field name="text_3" xsi:nil="true" />
	<field name="text_4" xsi:nil="true" />
	<field name="text_5" xsi:nil="true" />
	<field name="text_6" xsi:nil="true" />
	<field name="text_7" xsi:nil="true" />
	<field name="text_8" xsi:nil="true" />
	<field name="text_9" xsi:nil="true" />
	<field name="text_10" xsi:nil="true" />
	<field name="select_1" xsi:nil="true" />
	<field name="select_2" xsi:nil="true" />
	<field name="select_3" xsi:nil="true" />
	<field name="select_4" xsi:nil="true" />
	<field name="select_5" xsi:nil="true" />
	<field name="select_6" xsi:nil="true" />
	<field name="select_7" xsi:nil="true" />
	<field name="select_8" xsi:nil="true" />
	<field name="select_9" xsi:nil="true" />
	<field name="select_10" xsi:nil="true" />
	<field name="no_show">false</field>
  </row>

  <row>
	<field name="paper">95736</field>
	<field name="conference">1507</field>
	<field name="author1">91582</field>
	<field name="author2">2695</field>
	<field name="author3" xsi:nil="true" />
	<field name="author4" xsi:nil="true" />
	<field name="author5" xsi:nil="true" />
	<field name="author6" xsi:nil="true" />
	<field name="author7" xsi:nil="true" />
	<field name="author8" xsi:nil="true" />
	<field name="corr">1</field>
	<field name="papertitle">Migração de Objetos: Análise de jMigBSP com uma Aplicação CPU-Bound para Compressão de Imagens</field>
	<field name="abstract">Este artigo apresenta a avaliação do recurso de migração explícita de jMigBSP com uma aplicação CPU-Bound. O algoritmo que realiza a compressão de imagens segundo o método de Fractal foi escolhido para a avaliação. Os resultados envolvendo migração explícita mostram a eficiência da biblioteca e a pertinência desta técnica quando oscilações relacionadas ao comportamento dos recursos são frequentes.</field>
	<field name="contribution"></field>
	<field name="topics">7,10</field>
	<field name="type" xsi:nil="true" />
	<field name="category" xsi:nil="true" />
	<field name="random">1360415991</field>
	<field name="track">3516</field>
	<field name="status">accepted</field>
	<field name="printingproblem" xsi:nil="true" />
	<field name="note" xsi:nil="true" />
	<field name="tpcgroup" xsi:nil="true" />
	<field name="correction" xsi:nil="true" />
	<field name="rebuttal" xsi:nil="true" />
	<field name="session" xsi:nil="true" />
	<field name="session_seq" xsi:nil="true" />
	<field name="notified">2012-01-16 21:58:57</field>
	<field name="copyrightform" xsi:nil="true" />
	<field name="hardcopy" xsi:nil="true" />
	<field name="page">0</field>
	<field name="papergroup" xsi:nil="true" />
	<field name="accept"></field>
	<field name="pub_item1">false</field>
	<field name="pub_item2">false</field>
	<field name="pub_item3">false</field>
	<field name="pub_item4">false</field>
	<field name="pub_item5">false</field>
	<field name="extended_topics"></field>
	<field name="ieeeCopyrightStatus">none</field>
	<field name="ieeeCopyrightType"></field>
	<field name="text_1" xsi:nil="true" />
	<field name="text_2" xsi:nil="true" />
	<field name="text_3" xsi:nil="true" />
	<field name="text_4" xsi:nil="true" />
	<field name="text_5" xsi:nil="true" />
	<field name="text_6" xsi:nil="true" />
	<field name="text_7" xsi:nil="true" />
	<field name="text_8" xsi:nil="true" />
	<field name="text_9" xsi:nil="true" />
	<field name="text_10" xsi:nil="true" />
	<field name="select_1" xsi:nil="true" />
	<field name="select_2" xsi:nil="true" />
	<field name="select_3" xsi:nil="true" />
	<field name="select_4" xsi:nil="true" />
	<field name="select_5" xsi:nil="true" />
	<field name="select_6" xsi:nil="true" />
	<field name="select_7" xsi:nil="true" />
	<field name="select_8" xsi:nil="true" />
	<field name="select_9" xsi:nil="true" />
	<field name="select_10" xsi:nil="true" />
	<field name="no_show">false</field>
  </row>

  <row>
	<field name="paper">95800</field>
	<field name="conference">1507</field>
	<field name="author1">108230</field>
	<field name="author2" xsi:nil="true" />
	<field name="author3" xsi:nil="true" />
	<field name="author4" xsi:nil="true" />
	<field name="author5" xsi:nil="true" />
	<field name="author6" xsi:nil="true" />
	<field name="author7" xsi:nil="true" />
	<field name="author8" xsi:nil="true" />
	<field name="corr">1</field>
	<field name="papertitle">Otimizações para Pipelines de Pós-processamento Metagenômico</field>
	<field name="abstract">Dados obtidos de pesquisas em metagenômica proporcionam uma grande quantidade de
informações sobre a estrutura, a organização e a origem do DNA de organismos a partir
de amostras ambientais ou clínicas. Essas informações podem ser utilizadas em
benefício do meio ambiente e da saúde humana. O pós-processamento em
metagenômica é indispensável para a interpretação de resultados. A sua dependência
por ferramentas computacionais tem se tornado cada vez mais crítica, devido ao seu
crescimento exponencial na geração de dados de sequenciamento genético.
Algumas fases de filtragem e interpretação dos dados genéticos foram agrupadas
em certas ferramentas computacionais, conhecidas como pipelines metagenômicos.
Entretanto, estas ferramentas ainda necessitam intervenção manual dos pesquisadores e
há demandas por desempenho computacional em várias de suas etapas. O presente
trabalho descreve o projeto de pesquisa que tem o objetivo de melhorar as metodologias
de pós-processamento para os dados gerados a partir do sequenciamento metagenômico.
São discutidos os principais objetivos do projeto, seus avanços e seu estado atual.</field>
	<field name="contribution"></field>
	<field name="topics">0,1</field>
	<field name="type" xsi:nil="true" />
	<field name="category" xsi:nil="true" />
	<field name="random">1647890521</field>
	<field name="track">3516</field>
	<field name="status">accepted</field>
	<field name="printingproblem" xsi:nil="true" />
	<field name="note" xsi:nil="true" />
	<field name="tpcgroup" xsi:nil="true" />
	<field name="correction" xsi:nil="true" />
	<field name="rebuttal" xsi:nil="true" />
	<field name="session" xsi:nil="true" />
	<field name="session_seq" xsi:nil="true" />
	<field name="notified">2012-01-23 19:09:07</field>
	<field name="copyrightform" xsi:nil="true" />
	<field name="hardcopy" xsi:nil="true" />
	<field name="page">0</field>
	<field name="papergroup" xsi:nil="true" />
	<field name="accept"></field>
	<field name="pub_item1">false</field>
	<field name="pub_item2">false</field>
	<field name="pub_item3">false</field>
	<field name="pub_item4">false</field>
	<field name="pub_item5">false</field>
	<field name="extended_topics"></field>
	<field name="ieeeCopyrightStatus">none</field>
	<field name="ieeeCopyrightType"></field>
	<field name="text_1" xsi:nil="true" />
	<field name="text_2" xsi:nil="true" />
	<field name="text_3" xsi:nil="true" />
	<field name="text_4" xsi:nil="true" />
	<field name="text_5" xsi:nil="true" />
	<field name="text_6" xsi:nil="true" />
	<field name="text_7" xsi:nil="true" />
	<field name="text_8" xsi:nil="true" />
	<field name="text_9" xsi:nil="true" />
	<field name="text_10" xsi:nil="true" />
	<field name="select_1" xsi:nil="true" />
	<field name="select_2" xsi:nil="true" />
	<field name="select_3" xsi:nil="true" />
	<field name="select_4" xsi:nil="true" />
	<field name="select_5" xsi:nil="true" />
	<field name="select_6" xsi:nil="true" />
	<field name="select_7" xsi:nil="true" />
	<field name="select_8" xsi:nil="true" />
	<field name="select_9" xsi:nil="true" />
	<field name="select_10" xsi:nil="true" />
	<field name="no_show">false</field>
  </row>

  <row>
	<field name="paper">96014</field>
	<field name="conference">1507</field>
	<field name="author1">112814</field>
	<field name="author2">2695</field>
	<field name="author3" xsi:nil="true" />
	<field name="author4" xsi:nil="true" />
	<field name="author5" xsi:nil="true" />
	<field name="author6" xsi:nil="true" />
	<field name="author7" xsi:nil="true" />
	<field name="author8" xsi:nil="true" />
	<field name="corr">2</field>
	<field name="papertitle">Explorando Balanceamento de Carga em Sistema de Transacoes Eletronicas Financeiras</field>
	<field name="abstract">Este artigo tem por objetivo apresentar uma
soluÃ§Ã£o para tolerï¿½cncia a falhas e balanceamento de
carga para um sistema de processamento de
transaÃ§Ãµes financeiras. A proposta Ã© utilizar o
protocolo SNMP para coletar informaÃ§Ãµes de carga
transacional nos mÃ³dulos de entrada do sistema,
denominado GatewayIN e informar atravÃ©s de traps
um sistema gerenciador. Este sistema serï¿½ responsï¿½vel
pela anï¿½lise das informaÃ§Ãµes recebidas de cada
mÃ³dulo e, com base em uma polï¿½-tica de balanceamento
de carga, atuar sobre um equipamento responsï¿½vel
pela distribuiÃ§Ã£o das transaÃ§Ãµes. A partir deste
equipamento as transaÃ§Ãµes sÃ£o encaminhadas de
maneira controlada para os mÃ³dulos de
processamento das transaÃ§Ãµes, os quais sÃ£o
monitorados por agentes SNMP. Com isso o sistema
passa a ser realimentado e distribui a carga de
maneira mais inteligente, de acordo com a polï¿½-tica do
gerenciador. Esta soluÃ§Ã£o de balanceamento de carga
apresenta significativas vantagens, sobretudo se
confrontada com modelos como Round-Robin. Esta
soluÃ§Ã£o tambÃ©m aumenta a dependabilidade do
sistema, na medida em que melhoramos sua
disponibilidade e confiabilidade.</field>
	<field name="contribution"></field>
	<field name="topics">10</field>
	<field name="type" xsi:nil="true" />
	<field name="category" xsi:nil="true" />
	<field name="random">1219253101</field>
	<field name="track">3516</field>
	<field name="status">accepted</field>
	<field name="printingproblem" xsi:nil="true" />
	<field name="note" xsi:nil="true" />
	<field name="tpcgroup" xsi:nil="true" />
	<field name="correction" xsi:nil="true" />
	<field name="rebuttal" xsi:nil="true" />
	<field name="session" xsi:nil="true" />
	<field name="session_seq" xsi:nil="true" />
	<field name="notified">2012-01-16 21:58:58</field>
	<field name="copyrightform" xsi:nil="true" />
	<field name="hardcopy" xsi:nil="true" />
	<field name="page">0</field>
	<field name="papergroup" xsi:nil="true" />
	<field name="accept"></field>
	<field name="pub_item1">false</field>
	<field name="pub_item2">false</field>
	<field name="pub_item3">false</field>
	<field name="pub_item4">false</field>
	<field name="pub_item5">false</field>
	<field name="extended_topics"></field>
	<field name="ieeeCopyrightStatus">none</field>
	<field name="ieeeCopyrightType"></field>
	<field name="text_1" xsi:nil="true" />
	<field name="text_2" xsi:nil="true" />
	<field name="text_3" xsi:nil="true" />
	<field name="text_4" xsi:nil="true" />
	<field name="text_5" xsi:nil="true" />
	<field name="text_6" xsi:nil="true" />
	<field name="text_7" xsi:nil="true" />
	<field name="text_8" xsi:nil="true" />
	<field name="text_9" xsi:nil="true" />
	<field name="text_10" xsi:nil="true" />
	<field name="select_1" xsi:nil="true" />
	<field name="select_2" xsi:nil="true" />
	<field name="select_3" xsi:nil="true" />
	<field name="select_4" xsi:nil="true" />
	<field name="select_5" xsi:nil="true" />
	<field name="select_6" xsi:nil="true" />
	<field name="select_7" xsi:nil="true" />
	<field name="select_8" xsi:nil="true" />
	<field name="select_9" xsi:nil="true" />
	<field name="select_10" xsi:nil="true" />
	<field name="no_show">false</field>
  </row>

  <row>
	<field name="paper">96039</field>
	<field name="conference">1507</field>
	<field name="author1">68400</field>
	<field name="author2">85461</field>
	<field name="author3">32995</field>
	<field name="author4">32803</field>
	<field name="author5" xsi:nil="true" />
	<field name="author6" xsi:nil="true" />
	<field name="author7" xsi:nil="true" />
	<field name="author8" xsi:nil="true" />
	<field name="corr">1</field>
	<field name="papertitle">Escalonamento baseado em roubo de tarefas em arquiteturas paralelas híbridas</field>
	<field name="abstract">Um dos desafios em ambientes híbridos é prover o aproveitamento eficiente dos recursos computacionais heterogêneos, escalonando as tarefas de forma a manter a carga balanceada. O roubo de tarefas (work stealing) é um algoritmo de escalonamento onde um recurso de processamento que está com a lista de tarefas a executar vazia escolhe um outro recurso de processamento da qual roubará tarefas e então rouba a última tarefa inserida na lista de execução desta unidade.</field>
	<field name="contribution"></field>
	<field name="topics">7,8,10</field>
	<field name="type" xsi:nil="true" />
	<field name="category" xsi:nil="true" />
	<field name="random">1150175117</field>
	<field name="track">3516</field>
	<field name="status">accepted</field>
	<field name="printingproblem" xsi:nil="true" />
	<field name="note" xsi:nil="true" />
	<field name="tpcgroup" xsi:nil="true" />
	<field name="correction" xsi:nil="true" />
	<field name="rebuttal" xsi:nil="true" />
	<field name="session" xsi:nil="true" />
	<field name="session_seq" xsi:nil="true" />
	<field name="notified">2012-01-16 21:58:58</field>
	<field name="copyrightform" xsi:nil="true" />
	<field name="hardcopy" xsi:nil="true" />
	<field name="page">0</field>
	<field name="papergroup" xsi:nil="true" />
	<field name="accept"></field>
	<field name="pub_item1">false</field>
	<field name="pub_item2">false</field>
	<field name="pub_item3">false</field>
	<field name="pub_item4">false</field>
	<field name="pub_item5">false</field>
	<field name="extended_topics"></field>
	<field name="ieeeCopyrightStatus">none</field>
	<field name="ieeeCopyrightType"></field>
	<field name="text_1" xsi:nil="true" />
	<field name="text_2" xsi:nil="true" />
	<field name="text_3" xsi:nil="true" />
	<field name="text_4" xsi:nil="true" />
	<field name="text_5" xsi:nil="true" />
	<field name="text_6" xsi:nil="true" />
	<field name="text_7" xsi:nil="true" />
	<field name="text_8" xsi:nil="true" />
	<field name="text_9" xsi:nil="true" />
	<field name="text_10" xsi:nil="true" />
	<field name="select_1" xsi:nil="true" />
	<field name="select_2" xsi:nil="true" />
	<field name="select_3" xsi:nil="true" />
	<field name="select_4" xsi:nil="true" />
	<field name="select_5" xsi:nil="true" />
	<field name="select_6" xsi:nil="true" />
	<field name="select_7" xsi:nil="true" />
	<field name="select_8" xsi:nil="true" />
	<field name="select_9" xsi:nil="true" />
	<field name="select_10" xsi:nil="true" />
	<field name="no_show">false</field>
  </row>

  <row>
	<field name="paper">96053</field>
	<field name="conference">1507</field>
	<field name="author1">62379</field>
	<field name="author2">31478</field>
	<field name="author3">363</field>
	<field name="author4">2669</field>
	<field name="author5" xsi:nil="true" />
	<field name="author6" xsi:nil="true" />
	<field name="author7" xsi:nil="true" />
	<field name="author8" xsi:nil="true" />
	<field name="corr">1</field>
	<field name="papertitle">Implementação baseada GPGPU e arquitetura CUDA de Simulação de alto desempenho para análise de algoritmos de inteligência de enxames</field>
	<field name="abstract">O desempenho de um algoritmo de inteligência de enxame está intimamente
relacionado à escolha adequada dos parâmetros que governam o
funcionamento do algoritmo. Este trabalho apresenta a implementação de um
simulador capaz de determinar parâmetros ótimos para este tipo de algoritmo.
CUDA é utilizado como tecnologia principal na implementação e seu desempenho e
técnicas são discutidos. É apresentado o ganho de performance obtido em relação
a outra implementação e as deficiências oriundas da tecnologia.</field>
	<field name="contribution"></field>
	<field name="topics">0,1,11</field>
	<field name="type" xsi:nil="true" />
	<field name="category" xsi:nil="true" />
	<field name="random">936184473</field>
	<field name="track">3516</field>
	<field name="status">accepted</field>
	<field name="printingproblem" xsi:nil="true" />
	<field name="note" xsi:nil="true" />
	<field name="tpcgroup" xsi:nil="true" />
	<field name="correction" xsi:nil="true" />
	<field name="rebuttal" xsi:nil="true" />
	<field name="session" xsi:nil="true" />
	<field name="session_seq" xsi:nil="true" />
	<field name="notified">2012-01-16 22:00:43</field>
	<field name="copyrightform" xsi:nil="true" />
	<field name="hardcopy" xsi:nil="true" />
	<field name="page">0</field>
	<field name="papergroup" xsi:nil="true" />
	<field name="accept"></field>
	<field name="pub_item1">false</field>
	<field name="pub_item2">false</field>
	<field name="pub_item3">false</field>
	<field name="pub_item4">false</field>
	<field name="pub_item5">false</field>
	<field name="extended_topics"></field>
	<field name="ieeeCopyrightStatus">none</field>
	<field name="ieeeCopyrightType"></field>
	<field name="text_1" xsi:nil="true" />
	<field name="text_2" xsi:nil="true" />
	<field name="text_3" xsi:nil="true" />
	<field name="text_4" xsi:nil="true" />
	<field name="text_5" xsi:nil="true" />
	<field name="text_6" xsi:nil="true" />
	<field name="text_7" xsi:nil="true" />
	<field name="text_8" xsi:nil="true" />
	<field name="text_9" xsi:nil="true" />
	<field name="text_10" xsi:nil="true" />
	<field name="select_1" xsi:nil="true" />
	<field name="select_2" xsi:nil="true" />
	<field name="select_3" xsi:nil="true" />
	<field name="select_4" xsi:nil="true" />
	<field name="select_5" xsi:nil="true" />
	<field name="select_6" xsi:nil="true" />
	<field name="select_7" xsi:nil="true" />
	<field name="select_8" xsi:nil="true" />
	<field name="select_9" xsi:nil="true" />
	<field name="select_10" xsi:nil="true" />
	<field name="no_show">false</field>
  </row>

  <row>
	<field name="paper">96055</field>
	<field name="conference">1507</field>
	<field name="author1">48860</field>
	<field name="author2">64569</field>
	<field name="author3">1979</field>
	<field name="author4" xsi:nil="true" />
	<field name="author5" xsi:nil="true" />
	<field name="author6" xsi:nil="true" />
	<field name="author7" xsi:nil="true" />
	<field name="author8" xsi:nil="true" />
	<field name="corr">1</field>
	<field name="papertitle">Uma Revisão Sobre Ferramentas De Programação Multithread Comerciais e Acadêmicas</field>
	<field name="abstract">A popularização dos processadores multicore refletiu o reaquecimento de pesquisa e desenvolvimento de ambientes de programação paralela, tanto no meio comercial como em grupos de pesquisa acadêmicos. Diversas ferramentas surgiram focadas na extração de alto desempenho com facilidade de programação em processadores multicore, cada uma com suas estratégias particulares em termos de API e ambiente de execução. Este trabalho revisa ferramentas de programação multithread acadêmicas e comerciais, com objetivo de equipará-los em termos de seu desempenho de execução e identificar recursos a serem trabalhados e incluídos na interface de programação e no ambiente de execução de Athreads.</field>
	<field name="contribution"></field>
	<field name="topics">6,10,11</field>
	<field name="type" xsi:nil="true" />
	<field name="category" xsi:nil="true" />
	<field name="random">516094186</field>
	<field name="track">3516</field>
	<field name="status">accepted</field>
	<field name="printingproblem" xsi:nil="true" />
	<field name="note" xsi:nil="true" />
	<field name="tpcgroup" xsi:nil="true" />
	<field name="correction" xsi:nil="true" />
	<field name="rebuttal" xsi:nil="true" />
	<field name="session" xsi:nil="true" />
	<field name="session_seq" xsi:nil="true" />
	<field name="notified">2012-01-16 22:00:44</field>
	<field name="copyrightform" xsi:nil="true" />
	<field name="hardcopy" xsi:nil="true" />
	<field name="page">0</field>
	<field name="papergroup" xsi:nil="true" />
	<field name="accept"></field>
	<field name="pub_item1">false</field>
	<field name="pub_item2">false</field>
	<field name="pub_item3">false</field>
	<field name="pub_item4">false</field>
	<field name="pub_item5">false</field>
	<field name="extended_topics"></field>
	<field name="ieeeCopyrightStatus">none</field>
	<field name="ieeeCopyrightType"></field>
	<field name="text_1" xsi:nil="true" />
	<field name="text_2" xsi:nil="true" />
	<field name="text_3" xsi:nil="true" />
	<field name="text_4" xsi:nil="true" />
	<field name="text_5" xsi:nil="true" />
	<field name="text_6" xsi:nil="true" />
	<field name="text_7" xsi:nil="true" />
	<field name="text_8" xsi:nil="true" />
	<field name="text_9" xsi:nil="true" />
	<field name="text_10" xsi:nil="true" />
	<field name="select_1" xsi:nil="true" />
	<field name="select_2" xsi:nil="true" />
	<field name="select_3" xsi:nil="true" />
	<field name="select_4" xsi:nil="true" />
	<field name="select_5" xsi:nil="true" />
	<field name="select_6" xsi:nil="true" />
	<field name="select_7" xsi:nil="true" />
	<field name="select_8" xsi:nil="true" />
	<field name="select_9" xsi:nil="true" />
	<field name="select_10" xsi:nil="true" />
	<field name="no_show">false</field>
  </row>

  <row>
	<field name="paper">96059</field>
	<field name="conference">1507</field>
	<field name="author1">112865</field>
	<field name="author2">112866</field>
	<field name="author3">2318</field>
	<field name="author4">13251</field>
	<field name="author5" xsi:nil="true" />
	<field name="author6" xsi:nil="true" />
	<field name="author7" xsi:nil="true" />
	<field name="author8" xsi:nil="true" />
	<field name="corr">1</field>
	<field name="papertitle">Computação Sustentável e Mecanismos de Sincronização</field>
	<field name="abstract">Com o enfoque no aquecimento global, pesquisadores de computação tem tomado consciência sobre o consumo energético em sistemas computacionais e os impactos causados por esses no meio ambiente, 
gerando então uma área de pesquisa ainda recente, a Computação Sustentável, que tem por objetivo prover um conjunto de práticas voltadas para a computação de modo que minimize-se o impacto ambiental.

Nesse contexto, este trabalho tem como principal objetivo analisar uma nova abstração para programação paralela, memórias transacionais.
O foco do projeto é analisar o consumo de programas usando memórias transacionais em software e comparar com outras técnicas de sincronização, como mutexes. As métricas usadas serão desempenho e consumo de energia, sendo que a eficiência das diferentes técnicas e implementações de memórias transacionais serão comparadas para obter
o mais eficiente método de sincronização para cada tipo de ambiente simulado dentre os analisados.</field>
	<field name="contribution"></field>
	<field name="topics">6,11</field>
	<field name="type" xsi:nil="true" />
	<field name="category" xsi:nil="true" />
	<field name="random">989213499</field>
	<field name="track">3516</field>
	<field name="status">accepted</field>
	<field name="printingproblem" xsi:nil="true" />
	<field name="note" xsi:nil="true" />
	<field name="tpcgroup" xsi:nil="true" />
	<field name="correction" xsi:nil="true" />
	<field name="rebuttal" xsi:nil="true" />
	<field name="session" xsi:nil="true" />
	<field name="session_seq" xsi:nil="true" />
	<field name="notified">2012-01-16 22:00:44</field>
	<field name="copyrightform" xsi:nil="true" />
	<field name="hardcopy" xsi:nil="true" />
	<field name="page">0</field>
	<field name="papergroup" xsi:nil="true" />
	<field name="accept"></field>
	<field name="pub_item1">false</field>
	<field name="pub_item2">false</field>
	<field name="pub_item3">false</field>
	<field name="pub_item4">false</field>
	<field name="pub_item5">false</field>
	<field name="extended_topics"></field>
	<field name="ieeeCopyrightStatus">none</field>
	<field name="ieeeCopyrightType"></field>
	<field name="text_1" xsi:nil="true" />
	<field name="text_2" xsi:nil="true" />
	<field name="text_3" xsi:nil="true" />
	<field name="text_4" xsi:nil="true" />
	<field name="text_5" xsi:nil="true" />
	<field name="text_6" xsi:nil="true" />
	<field name="text_7" xsi:nil="true" />
	<field name="text_8" xsi:nil="true" />
	<field name="text_9" xsi:nil="true" />
	<field name="text_10" xsi:nil="true" />
	<field name="select_1" xsi:nil="true" />
	<field name="select_2" xsi:nil="true" />
	<field name="select_3" xsi:nil="true" />
	<field name="select_4" xsi:nil="true" />
	<field name="select_5" xsi:nil="true" />
	<field name="select_6" xsi:nil="true" />
	<field name="select_7" xsi:nil="true" />
	<field name="select_8" xsi:nil="true" />
	<field name="select_9" xsi:nil="true" />
	<field name="select_10" xsi:nil="true" />
	<field name="no_show">false</field>
  </row>

  <row>
	<field name="paper">96063</field>
	<field name="conference">1507</field>
	<field name="author1">112868</field>
	<field name="author2">8154</field>
	<field name="author3">2323</field>
	<field name="author4" xsi:nil="true" />
	<field name="author5" xsi:nil="true" />
	<field name="author6" xsi:nil="true" />
	<field name="author7" xsi:nil="true" />
	<field name="author8" xsi:nil="true" />
	<field name="corr">1</field>
	<field name="papertitle">Computação Móvel e Ubíqua Aplicada ao Turismo</field>
	<field name="abstract">Atualmente, existe um grande número de turistas que utilizam dispositivos móveis, como smartphones e tablets, em suas viagens. A disponibilização de serviços de apoio ao turismo que utilizem as tecnologia inerentes a estes dispositivos, como a mobilidade, a praticidade de uso e o acesso a informação a qualquer hora e lugar, podem contribuir para a otimização do tempo e uma melhor experiência de viagem para o turista. A consulta de informações relevantes, atualizadas e baseadas em contextos, como a sua localização e o seu perfil, são alternativas promissoras das quais são possíveis pela computação móvel e ubíqua.
A aplicação de conceitos de computação ubíqua no turismo pode ser chamada de turismo ubíquo (u-tourism). Sendo que, de acordo com [Ruta 2010], é a expansão do conceito de turismo móvel [Kenteris 2009], onde os usuários acessam conteúdos de turismo através de dispositivos móveis, como celulares, smartphones, tablets e personal digital assistants (PDAs). A proposta deste trabalho, é apresentar uma arquitetura para a construção de um guia de turismo eletrônico aplicando os conceitos de turismo ubíquo. Tendo em vista que no turismo ubíquo, estão fortemente relacionados os conceitos de sensibilidade ao contexto [Dey 2001] e de web semântica [Kenteris 2009], é proposto explorar nesta arquitetura: a localização, o perfil, e características de contexto do turista e do ambiente que possam ser inferidas por estas tecnologias.</field>
	<field name="contribution"></field>
	<field name="topics">9,18</field>
	<field name="type" xsi:nil="true" />
	<field name="category" xsi:nil="true" />
	<field name="random">358355856</field>
	<field name="track">3516</field>
	<field name="status">accepted</field>
	<field name="printingproblem" xsi:nil="true" />
	<field name="note" xsi:nil="true" />
	<field name="tpcgroup" xsi:nil="true" />
	<field name="correction" xsi:nil="true" />
	<field name="rebuttal" xsi:nil="true" />
	<field name="session" xsi:nil="true" />
	<field name="session_seq" xsi:nil="true" />
	<field name="notified">2012-01-16 22:00:44</field>
	<field name="copyrightform" xsi:nil="true" />
	<field name="hardcopy" xsi:nil="true" />
	<field name="page">0</field>
	<field name="papergroup" xsi:nil="true" />
	<field name="accept"></field>
	<field name="pub_item1">false</field>
	<field name="pub_item2">false</field>
	<field name="pub_item3">false</field>
	<field name="pub_item4">false</field>
	<field name="pub_item5">false</field>
	<field name="extended_topics"></field>
	<field name="ieeeCopyrightStatus">none</field>
	<field name="ieeeCopyrightType"></field>
	<field name="text_1" xsi:nil="true" />
	<field name="text_2" xsi:nil="true" />
	<field name="text_3" xsi:nil="true" />
	<field name="text_4" xsi:nil="true" />
	<field name="text_5" xsi:nil="true" />
	<field name="text_6" xsi:nil="true" />
	<field name="text_7" xsi:nil="true" />
	<field name="text_8" xsi:nil="true" />
	<field name="text_9" xsi:nil="true" />
	<field name="text_10" xsi:nil="true" />
	<field name="select_1" xsi:nil="true" />
	<field name="select_2" xsi:nil="true" />
	<field name="select_3" xsi:nil="true" />
	<field name="select_4" xsi:nil="true" />
	<field name="select_5" xsi:nil="true" />
	<field name="select_6" xsi:nil="true" />
	<field name="select_7" xsi:nil="true" />
	<field name="select_8" xsi:nil="true" />
	<field name="select_9" xsi:nil="true" />
	<field name="select_10" xsi:nil="true" />
	<field name="no_show">false</field>
  </row>

  <row>
	<field name="paper">96065</field>
	<field name="conference">1507</field>
	<field name="author1">77923</field>
	<field name="author2">8154</field>
	<field name="author3">2695</field>
	<field name="author4" xsi:nil="true" />
	<field name="author5" xsi:nil="true" />
	<field name="author6" xsi:nil="true" />
	<field name="author7" xsi:nil="true" />
	<field name="author8" xsi:nil="true" />
	<field name="corr">1</field>
	<field name="papertitle">Um modelo para busca e classificação de objetos em um sistema distribuído organizado hierarquicamente</field>
	<field name="abstract">A busca e classificação de objetos complexos em um grande volume de dados, distribuídos em várias máquinas de uma mesma rede ou na internet, possui diversas aplicações práticas cuja profundidade de busca pode ser um problema para obtenção do melhor resultado em pouco período de tempo [Wu C. et al., 2011]. Este artigo apresenta um modelo para busca e classificação de objetos sob esquema hierárquico, sua estrutura e suas operações básicas. O artigo aborda o algoritmo básico de roteamento de requisições de busca e como a indexação ocorre sobre a estrutura de dados adotada.</field>
	<field name="contribution"></field>
	<field name="topics">0,16,18,25</field>
	<field name="type" xsi:nil="true" />
	<field name="category" xsi:nil="true" />
	<field name="random">952434073</field>
	<field name="track">3516</field>
	<field name="status">accepted</field>
	<field name="printingproblem" xsi:nil="true" />
	<field name="note" xsi:nil="true" />
	<field name="tpcgroup" xsi:nil="true" />
	<field name="correction" xsi:nil="true" />
	<field name="rebuttal" xsi:nil="true" />
	<field name="session" xsi:nil="true" />
	<field name="session_seq" xsi:nil="true" />
	<field name="notified">2012-01-16 22:00:45</field>
	<field name="copyrightform" xsi:nil="true" />
	<field name="hardcopy" xsi:nil="true" />
	<field name="page">0</field>
	<field name="papergroup" xsi:nil="true" />
	<field name="accept"></field>
	<field name="pub_item1">false</field>
	<field name="pub_item2">false</field>
	<field name="pub_item3">false</field>
	<field name="pub_item4">false</field>
	<field name="pub_item5">false</field>
	<field name="extended_topics"></field>
	<field name="ieeeCopyrightStatus">none</field>
	<field name="ieeeCopyrightType"></field>
	<field name="text_1" xsi:nil="true" />
	<field name="text_2" xsi:nil="true" />
	<field name="text_3" xsi:nil="true" />
	<field name="text_4" xsi:nil="true" />
	<field name="text_5" xsi:nil="true" />
	<field name="text_6" xsi:nil="true" />
	<field name="text_7" xsi:nil="true" />
	<field name="text_8" xsi:nil="true" />
	<field name="text_9" xsi:nil="true" />
	<field name="text_10" xsi:nil="true" />
	<field name="select_1" xsi:nil="true" />
	<field name="select_2" xsi:nil="true" />
	<field name="select_3" xsi:nil="true" />
	<field name="select_4" xsi:nil="true" />
	<field name="select_5" xsi:nil="true" />
	<field name="select_6" xsi:nil="true" />
	<field name="select_7" xsi:nil="true" />
	<field name="select_8" xsi:nil="true" />
	<field name="select_9" xsi:nil="true" />
	<field name="select_10" xsi:nil="true" />
	<field name="no_show">false</field>
  </row>

  <row>
	<field name="paper">96125</field>
	<field name="conference">1507</field>
	<field name="author1">68410</field>
	<field name="author2">1696</field>
	<field name="author3">1970</field>
	<field name="author4" xsi:nil="true" />
	<field name="author5" xsi:nil="true" />
	<field name="author6" xsi:nil="true" />
	<field name="author7" xsi:nil="true" />
	<field name="author8" xsi:nil="true" />
	<field name="corr">1</field>
	<field name="papertitle">Panorama sobre Técnicas de Escalonamento da Voltagem e da Frequência do Processador em Clusters e Grades</field>
	<field name="abstract">Panorama sobre Técnicas de Escalonamento da Voltagem e da Frequência do Processador em Clusters e Grades</field>
	<field name="contribution"></field>
	<field name="topics">10,19,20</field>
	<field name="type" xsi:nil="true" />
	<field name="category" xsi:nil="true" />
	<field name="random">59195563</field>
	<field name="track">3516</field>
	<field name="status">accepted</field>
	<field name="printingproblem" xsi:nil="true" />
	<field name="note" xsi:nil="true" />
	<field name="tpcgroup" xsi:nil="true" />
	<field name="correction" xsi:nil="true" />
	<field name="rebuttal" xsi:nil="true" />
	<field name="session" xsi:nil="true" />
	<field name="session_seq" xsi:nil="true" />
	<field name="notified">2012-01-16 22:00:46</field>
	<field name="copyrightform" xsi:nil="true" />
	<field name="hardcopy" xsi:nil="true" />
	<field name="page">0</field>
	<field name="papergroup" xsi:nil="true" />
	<field name="accept"></field>
	<field name="pub_item1">false</field>
	<field name="pub_item2">false</field>
	<field name="pub_item3">false</field>
	<field name="pub_item4">false</field>
	<field name="pub_item5">false</field>
	<field name="extended_topics"></field>
	<field name="ieeeCopyrightStatus">none</field>
	<field name="ieeeCopyrightType"></field>
	<field name="text_1" xsi:nil="true" />
	<field name="text_2" xsi:nil="true" />
	<field name="text_3" xsi:nil="true" />
	<field name="text_4" xsi:nil="true" />
	<field name="text_5" xsi:nil="true" />
	<field name="text_6" xsi:nil="true" />
	<field name="text_7" xsi:nil="true" />
	<field name="text_8" xsi:nil="true" />
	<field name="text_9" xsi:nil="true" />
	<field name="text_10" xsi:nil="true" />
	<field name="select_1" xsi:nil="true" />
	<field name="select_2" xsi:nil="true" />
	<field name="select_3" xsi:nil="true" />
	<field name="select_4" xsi:nil="true" />
	<field name="select_5" xsi:nil="true" />
	<field name="select_6" xsi:nil="true" />
	<field name="select_7" xsi:nil="true" />
	<field name="select_8" xsi:nil="true" />
	<field name="select_9" xsi:nil="true" />
	<field name="select_10" xsi:nil="true" />
	<field name="no_show">false</field>
  </row>

  <row>
	<field name="paper">96126</field>
	<field name="conference">1507</field>
	<field name="author1">62534</field>
	<field name="author2">1970</field>
	<field name="author3">78624</field>
	<field name="author4" xsi:nil="true" />
	<field name="author5" xsi:nil="true" />
	<field name="author6" xsi:nil="true" />
	<field name="author7" xsi:nil="true" />
	<field name="author8" xsi:nil="true" />
	<field name="corr">1</field>
	<field name="papertitle">Catálogo de Refatorações para a Evolução de Programas em Linguagem Fortran</field>
	<field name="abstract">Este trabalho propõe um catálogo de refatorações voltadas à evolução de códigos Fortran legados. O catálogo proposto é composto por um conjunto de dez refatorações que possibilitam evoluir o padrão da linguagem de programação usada nos aplicativos de software. Algumas das refatorações do catálogo foram implementadas no framework Photran, um plugin integrado ao IDE Eclipse.</field>
	<field name="contribution"></field>
	<field name="topics">11</field>
	<field name="type" xsi:nil="true" />
	<field name="category" xsi:nil="true" />
	<field name="random">1642376508</field>
	<field name="track">3516</field>
	<field name="status">accepted</field>
	<field name="printingproblem" xsi:nil="true" />
	<field name="note" xsi:nil="true" />
	<field name="tpcgroup" xsi:nil="true" />
	<field name="correction" xsi:nil="true" />
	<field name="rebuttal" xsi:nil="true" />
	<field name="session" xsi:nil="true" />
	<field name="session_seq" xsi:nil="true" />
	<field name="notified">2012-01-16 22:02:47</field>
	<field name="copyrightform" xsi:nil="true" />
	<field name="hardcopy" xsi:nil="true" />
	<field name="page">0</field>
	<field name="papergroup" xsi:nil="true" />
	<field name="accept"></field>
	<field name="pub_item1">false</field>
	<field name="pub_item2">false</field>
	<field name="pub_item3">false</field>
	<field name="pub_item4">false</field>
	<field name="pub_item5">false</field>
	<field name="extended_topics"></field>
	<field name="ieeeCopyrightStatus">none</field>
	<field name="ieeeCopyrightType"></field>
	<field name="text_1" xsi:nil="true" />
	<field name="text_2" xsi:nil="true" />
	<field name="text_3" xsi:nil="true" />
	<field name="text_4" xsi:nil="true" />
	<field name="text_5" xsi:nil="true" />
	<field name="text_6" xsi:nil="true" />
	<field name="text_7" xsi:nil="true" />
	<field name="text_8" xsi:nil="true" />
	<field name="text_9" xsi:nil="true" />
	<field name="text_10" xsi:nil="true" />
	<field name="select_1" xsi:nil="true" />
	<field name="select_2" xsi:nil="true" />
	<field name="select_3" xsi:nil="true" />
	<field name="select_4" xsi:nil="true" />
	<field name="select_5" xsi:nil="true" />
	<field name="select_6" xsi:nil="true" />
	<field name="select_7" xsi:nil="true" />
	<field name="select_8" xsi:nil="true" />
	<field name="select_9" xsi:nil="true" />
	<field name="select_10" xsi:nil="true" />
	<field name="no_show">false</field>
  </row>

  <row>
	<field name="paper">96074</field>
	<field name="conference">1507</field>
	<field name="author1">112877</field>
	<field name="author2">106264</field>
	<field name="author3">112867</field>
	<field name="author4">434</field>
	<field name="author5">2900</field>
	<field name="author6">81623</field>
	<field name="author7" xsi:nil="true" />
	<field name="author8" xsi:nil="true" />
	<field name="corr">3</field>
	<field name="papertitle">Um Verificador de Modelos Descritos em Redes de Autômatos Estocásticos</field>
	<field name="abstract">O advento da tecnologia e seu avanço nos últimos anos trouxeram para a população inúmeras facilidades, agilidade na realização de tarefas, segurança, além do aperfeiçoamento de software e hardware responsáveis pelo controle de sistemas altamente críticos, como aqueles que controlam voos de aeronaves e usinas nucleares. A essa crescente necessidade de desenvolvimento de sistemas computacionais cada vez mais complexos e robustos, faz-se necessária uma abordagem capaz de verificar a corretude dos mesmos. O objetivo deste trabalho é o desenvolvimento de um verificador de modelos para aferir possíveis falhas de um sistema em tempo de modelagem.</field>
	<field name="contribution"></field>
	<field name="topics">5,6</field>
	<field name="type" xsi:nil="true" />
	<field name="category" xsi:nil="true" />
	<field name="random">1207685184</field>
	<field name="track">3516</field>
	<field name="status">accepted</field>
	<field name="printingproblem" xsi:nil="true" />
	<field name="note" xsi:nil="true" />
	<field name="tpcgroup" xsi:nil="true" />
	<field name="correction" xsi:nil="true" />
	<field name="rebuttal" xsi:nil="true" />
	<field name="session" xsi:nil="true" />
	<field name="session_seq" xsi:nil="true" />
	<field name="notified">2012-01-16 22:00:46</field>
	<field name="copyrightform" xsi:nil="true" />
	<field name="hardcopy" xsi:nil="true" />
	<field name="page">0</field>
	<field name="papergroup" xsi:nil="true" />
	<field name="accept"></field>
	<field name="pub_item1">false</field>
	<field name="pub_item2">false</field>
	<field name="pub_item3">false</field>
	<field name="pub_item4">false</field>
	<field name="pub_item5">false</field>
	<field name="extended_topics"></field>
	<field name="ieeeCopyrightStatus">none</field>
	<field name="ieeeCopyrightType"></field>
	<field name="text_1" xsi:nil="true" />
	<field name="text_2" xsi:nil="true" />
	<field name="text_3" xsi:nil="true" />
	<field name="text_4" xsi:nil="true" />
	<field name="text_5" xsi:nil="true" />
	<field name="text_6" xsi:nil="true" />
	<field name="text_7" xsi:nil="true" />
	<field name="text_8" xsi:nil="true" />
	<field name="text_9" xsi:nil="true" />
	<field name="text_10" xsi:nil="true" />
	<field name="select_1" xsi:nil="true" />
	<field name="select_2" xsi:nil="true" />
	<field name="select_3" xsi:nil="true" />
	<field name="select_4" xsi:nil="true" />
	<field name="select_5" xsi:nil="true" />
	<field name="select_6" xsi:nil="true" />
	<field name="select_7" xsi:nil="true" />
	<field name="select_8" xsi:nil="true" />
	<field name="select_9" xsi:nil="true" />
	<field name="select_10" xsi:nil="true" />
	<field name="no_show">false</field>
  </row>

  <row>
	<field name="paper">96076</field>
	<field name="conference">1507</field>
	<field name="author1">112429</field>
	<field name="author2">8154</field>
	<field name="author3">2695</field>
	<field name="author4" xsi:nil="true" />
	<field name="author5" xsi:nil="true" />
	<field name="author6" xsi:nil="true" />
	<field name="author7" xsi:nil="true" />
	<field name="author8" xsi:nil="true" />
	<field name="corr">1</field>
	<field name="papertitle">Gerenciamento Verde e Eficiente de Recursos na Execução de Aplicações Paralelas em Cloud Computing</field>
	<field name="abstract">Atualmente, dois temas que estão bastante em voga nas áreas de processamento paralelo e distribuído são Computação em Nuvem (Cloud Computing) e Computação Verde (Green Computing). Ambos se tornaram importantes por estarmos passando por um momento em que empresas e gorvernos estão apoiando iniciativas de sustentabilidade aplicadas por seus parceiros de negócio. Em adição, a academia faz pesquisa no sentido de propor melhorias e torná-las uma realidade, bem como utiliza ambientes de Nuvem como plataforma de execução para seus experimentos. Nesse sentido, está sendo desenvolvido um módulo de gerenciamento de recursos chamado CloudMan, que apresentará suporte a execução de aplicações paralelas dispostas em Nuvem levando em consideração o consumo de energia.</field>
	<field name="contribution"></field>
	<field name="topics">18,25</field>
	<field name="type" xsi:nil="true" />
	<field name="category" xsi:nil="true" />
	<field name="random">1207598805</field>
	<field name="track">3516</field>
	<field name="status">accepted</field>
	<field name="printingproblem" xsi:nil="true" />
	<field name="note" xsi:nil="true" />
	<field name="tpcgroup" xsi:nil="true" />
	<field name="correction" xsi:nil="true" />
	<field name="rebuttal" xsi:nil="true" />
	<field name="session" xsi:nil="true" />
	<field name="session_seq" xsi:nil="true" />
	<field name="notified">2012-01-16 22:00:46</field>
	<field name="copyrightform" xsi:nil="true" />
	<field name="hardcopy" xsi:nil="true" />
	<field name="page">0</field>
	<field name="papergroup" xsi:nil="true" />
	<field name="accept"></field>
	<field name="pub_item1">false</field>
	<field name="pub_item2">false</field>
	<field name="pub_item3">false</field>
	<field name="pub_item4">false</field>
	<field name="pub_item5">false</field>
	<field name="extended_topics"></field>
	<field name="ieeeCopyrightStatus">none</field>
	<field name="ieeeCopyrightType"></field>
	<field name="text_1" xsi:nil="true" />
	<field name="text_2" xsi:nil="true" />
	<field name="text_3" xsi:nil="true" />
	<field name="text_4" xsi:nil="true" />
	<field name="text_5" xsi:nil="true" />
	<field name="text_6" xsi:nil="true" />
	<field name="text_7" xsi:nil="true" />
	<field name="text_8" xsi:nil="true" />
	<field name="text_9" xsi:nil="true" />
	<field name="text_10" xsi:nil="true" />
	<field name="select_1" xsi:nil="true" />
	<field name="select_2" xsi:nil="true" />
	<field name="select_3" xsi:nil="true" />
	<field name="select_4" xsi:nil="true" />
	<field name="select_5" xsi:nil="true" />
	<field name="select_6" xsi:nil="true" />
	<field name="select_7" xsi:nil="true" />
	<field name="select_8" xsi:nil="true" />
	<field name="select_9" xsi:nil="true" />
	<field name="select_10" xsi:nil="true" />
	<field name="no_show">false</field>
  </row>

  <row>
	<field name="paper">96080</field>
	<field name="conference">1507</field>
	<field name="author1">112874</field>
	<field name="author2">8154</field>
	<field name="author3">2695</field>
	<field name="author4" xsi:nil="true" />
	<field name="author5" xsi:nil="true" />
	<field name="author6" xsi:nil="true" />
	<field name="author7" xsi:nil="true" />
	<field name="author8" xsi:nil="true" />
	<field name="corr">1</field>
	<field name="papertitle">Analisando Padrões de Uso para o Gerenciamento Automático de Recursos em Cloud Computing</field>
	<field name="abstract">Esse artigo aborda a área de monitoramento que trata da coleta e análise de padrões de utilização de serviços em Nuvem. A verificação deles é pertinente para esse ambiente, uma vez que podem antecipar decisões de gerenciamento, reduzir consumo energético e minimizar custos financeiros. Por fim, são descritas as motivações e as vantagens de trabalhar com padrões em Nuvem, bem como trabalhos relacionados e os primeiros passos da pesquisa.</field>
	<field name="contribution"></field>
	<field name="topics">18,25</field>
	<field name="type" xsi:nil="true" />
	<field name="category" xsi:nil="true" />
	<field name="random">1236424575</field>
	<field name="track">3516</field>
	<field name="status">accepted</field>
	<field name="printingproblem" xsi:nil="true" />
	<field name="note" xsi:nil="true" />
	<field name="tpcgroup" xsi:nil="true" />
	<field name="correction" xsi:nil="true" />
	<field name="rebuttal" xsi:nil="true" />
	<field name="session" xsi:nil="true" />
	<field name="session_seq" xsi:nil="true" />
	<field name="notified">2012-01-16 22:00:46</field>
	<field name="copyrightform" xsi:nil="true" />
	<field name="hardcopy" xsi:nil="true" />
	<field name="page">0</field>
	<field name="papergroup" xsi:nil="true" />
	<field name="accept"></field>
	<field name="pub_item1">false</field>
	<field name="pub_item2">false</field>
	<field name="pub_item3">false</field>
	<field name="pub_item4">false</field>
	<field name="pub_item5">false</field>
	<field name="extended_topics"></field>
	<field name="ieeeCopyrightStatus">none</field>
	<field name="ieeeCopyrightType"></field>
	<field name="text_1" xsi:nil="true" />
	<field name="text_2" xsi:nil="true" />
	<field name="text_3" xsi:nil="true" />
	<field name="text_4" xsi:nil="true" />
	<field name="text_5" xsi:nil="true" />
	<field name="text_6" xsi:nil="true" />
	<field name="text_7" xsi:nil="true" />
	<field name="text_8" xsi:nil="true" />
	<field name="text_9" xsi:nil="true" />
	<field name="text_10" xsi:nil="true" />
	<field name="select_1" xsi:nil="true" />
	<field name="select_2" xsi:nil="true" />
	<field name="select_3" xsi:nil="true" />
	<field name="select_4" xsi:nil="true" />
	<field name="select_5" xsi:nil="true" />
	<field name="select_6" xsi:nil="true" />
	<field name="select_7" xsi:nil="true" />
	<field name="select_8" xsi:nil="true" />
	<field name="select_9" xsi:nil="true" />
	<field name="select_10" xsi:nil="true" />
	<field name="no_show">false</field>
  </row>

  <row>
	<field name="paper">96084</field>
	<field name="conference">1507</field>
	<field name="author1">77730</field>
	<field name="author2">2101</field>
	<field name="author3" xsi:nil="true" />
	<field name="author4" xsi:nil="true" />
	<field name="author5" xsi:nil="true" />
	<field name="author6" xsi:nil="true" />
	<field name="author7" xsi:nil="true" />
	<field name="author8" xsi:nil="true" />
	<field name="corr">1</field>
	<field name="papertitle">Uma Metodologia para definição de modelos de cobrança em ambientes de Nuvens Computacionais</field>
	<field name="abstract">As nuvens computacionais são um serviço de computação que combina a entrega de TI, componentes de infraestrutura e um modelo econômico. Pelo fato de mesclar estas características existe a necessidade de definir modelos de cobrança para cobrar clientes que acessam os produtos das nuvens computacionais. Esta necessidade também foi encontrada no Laboratório de Alto Desempenho (LAD) da PUCRS. Este trabalho baseia-se na forma como provedores de nuvens computacionais realizam a cobrança de seus clientes, como estão organizados ou como classificam os diferentes serviços e produtos. O trabalho apresenta uma metodologia para definir modelos de cobrança para provedores de nuvens computacionais, a qual está sendo aplicada no Laboratório de Alto Desempenho para otimizar os modelos de cobrança do LAD.</field>
	<field name="contribution"></field>
	<field name="topics">25</field>
	<field name="type" xsi:nil="true" />
	<field name="category" xsi:nil="true" />
	<field name="random">782337342</field>
	<field name="track">3516</field>
	<field name="status">accepted</field>
	<field name="printingproblem" xsi:nil="true" />
	<field name="note" xsi:nil="true" />
	<field name="tpcgroup" xsi:nil="true" />
	<field name="correction" xsi:nil="true" />
	<field name="rebuttal" xsi:nil="true" />
	<field name="session" xsi:nil="true" />
	<field name="session_seq" xsi:nil="true" />
	<field name="notified">2012-01-24 11:12:48</field>
	<field name="copyrightform" xsi:nil="true" />
	<field name="hardcopy" xsi:nil="true" />
	<field name="page">0</field>
	<field name="papergroup" xsi:nil="true" />
	<field name="accept"></field>
	<field name="pub_item1">false</field>
	<field name="pub_item2">false</field>
	<field name="pub_item3">false</field>
	<field name="pub_item4">false</field>
	<field name="pub_item5">false</field>
	<field name="extended_topics"></field>
	<field name="ieeeCopyrightStatus">none</field>
	<field name="ieeeCopyrightType"></field>
	<field name="text_1" xsi:nil="true" />
	<field name="text_2" xsi:nil="true" />
	<field name="text_3" xsi:nil="true" />
	<field name="text_4" xsi:nil="true" />
	<field name="text_5" xsi:nil="true" />
	<field name="text_6" xsi:nil="true" />
	<field name="text_7" xsi:nil="true" />
	<field name="text_8" xsi:nil="true" />
	<field name="text_9" xsi:nil="true" />
	<field name="text_10" xsi:nil="true" />
	<field name="select_1" xsi:nil="true" />
	<field name="select_2" xsi:nil="true" />
	<field name="select_3" xsi:nil="true" />
	<field name="select_4" xsi:nil="true" />
	<field name="select_5" xsi:nil="true" />
	<field name="select_6" xsi:nil="true" />
	<field name="select_7" xsi:nil="true" />
	<field name="select_8" xsi:nil="true" />
	<field name="select_9" xsi:nil="true" />
	<field name="select_10" xsi:nil="true" />
	<field name="no_show">false</field>
  </row>

  <row>
	<field name="paper">96112</field>
	<field name="conference">1507</field>
	<field name="author1">33597</field>
	<field name="author2">2695</field>
	<field name="author3">51285</field>
	<field name="author4" xsi:nil="true" />
	<field name="author5" xsi:nil="true" />
	<field name="author6" xsi:nil="true" />
	<field name="author7" xsi:nil="true" />
	<field name="author8" xsi:nil="true" />
	<field name="corr">1</field>
	<field name="papertitle">Uma Estratégia de Paralelização do Algoritmo AISO-GT baseado no modelo de subpopulações</field>
	<field name="abstract">Uma Estratégia de Paralelização do Algoritmo AISO-GT baseado no modelo de subpopulações.</field>
	<field name="contribution"></field>
	<field name="topics">0,1,19</field>
	<field name="type" xsi:nil="true" />
	<field name="category" xsi:nil="true" />
	<field name="random">1324830974</field>
	<field name="track">3516</field>
	<field name="status">accepted</field>
	<field name="printingproblem" xsi:nil="true" />
	<field name="note" xsi:nil="true" />
	<field name="tpcgroup" xsi:nil="true" />
	<field name="correction" xsi:nil="true" />
	<field name="rebuttal" xsi:nil="true" />
	<field name="session" xsi:nil="true" />
	<field name="session_seq" xsi:nil="true" />
	<field name="notified">2012-01-23 19:10:02</field>
	<field name="copyrightform" xsi:nil="true" />
	<field name="hardcopy" xsi:nil="true" />
	<field name="page">0</field>
	<field name="papergroup" xsi:nil="true" />
	<field name="accept"></field>
	<field name="pub_item1">false</field>
	<field name="pub_item2">false</field>
	<field name="pub_item3">false</field>
	<field name="pub_item4">false</field>
	<field name="pub_item5">false</field>
	<field name="extended_topics"></field>
	<field name="ieeeCopyrightStatus">none</field>
	<field name="ieeeCopyrightType"></field>
	<field name="text_1" xsi:nil="true" />
	<field name="text_2" xsi:nil="true" />
	<field name="text_3" xsi:nil="true" />
	<field name="text_4" xsi:nil="true" />
	<field name="text_5" xsi:nil="true" />
	<field name="text_6" xsi:nil="true" />
	<field name="text_7" xsi:nil="true" />
	<field name="text_8" xsi:nil="true" />
	<field name="text_9" xsi:nil="true" />
	<field name="text_10" xsi:nil="true" />
	<field name="select_1" xsi:nil="true" />
	<field name="select_2" xsi:nil="true" />
	<field name="select_3" xsi:nil="true" />
	<field name="select_4" xsi:nil="true" />
	<field name="select_5" xsi:nil="true" />
	<field name="select_6" xsi:nil="true" />
	<field name="select_7" xsi:nil="true" />
	<field name="select_8" xsi:nil="true" />
	<field name="select_9" xsi:nil="true" />
	<field name="select_10" xsi:nil="true" />
	<field name="no_show">false</field>
  </row>

  <row>
	<field name="paper">96134</field>
	<field name="conference">1507</field>
	<field name="author1">95907</field>
	<field name="author2">1970</field>
	<field name="author3" xsi:nil="true" />
	<field name="author4" xsi:nil="true" />
	<field name="author5" xsi:nil="true" />
	<field name="author6" xsi:nil="true" />
	<field name="author7" xsi:nil="true" />
	<field name="author8" xsi:nil="true" />
	<field name="corr">1</field>
	<field name="papertitle">Análise automática de acessos concorrentes a dados para refatoração de código sequencial em código paralelo OpenMP</field>
	<field name="abstract">Análise automática de acessos concorrentes a dados para refatoração de código sequencial em código paralelo OpenMP</field>
	<field name="contribution"></field>
	<field name="topics">11</field>
	<field name="type" xsi:nil="true" />
	<field name="category" xsi:nil="true" />
	<field name="random">716602322</field>
	<field name="track">3516</field>
	<field name="status">accepted</field>
	<field name="printingproblem" xsi:nil="true" />
	<field name="note" xsi:nil="true" />
	<field name="tpcgroup" xsi:nil="true" />
	<field name="correction" xsi:nil="true" />
	<field name="rebuttal" xsi:nil="true" />
	<field name="session" xsi:nil="true" />
	<field name="session_seq" xsi:nil="true" />
	<field name="notified">2012-01-24 11:15:32</field>
	<field name="copyrightform" xsi:nil="true" />
	<field name="hardcopy" xsi:nil="true" />
	<field name="page">0</field>
	<field name="papergroup" xsi:nil="true" />
	<field name="accept"></field>
	<field name="pub_item1">false</field>
	<field name="pub_item2">false</field>
	<field name="pub_item3">false</field>
	<field name="pub_item4">false</field>
	<field name="pub_item5">false</field>
	<field name="extended_topics"></field>
	<field name="ieeeCopyrightStatus">none</field>
	<field name="ieeeCopyrightType"></field>
	<field name="text_1" xsi:nil="true" />
	<field name="text_2" xsi:nil="true" />
	<field name="text_3" xsi:nil="true" />
	<field name="text_4" xsi:nil="true" />
	<field name="text_5" xsi:nil="true" />
	<field name="text_6" xsi:nil="true" />
	<field name="text_7" xsi:nil="true" />
	<field name="text_8" xsi:nil="true" />
	<field name="text_9" xsi:nil="true" />
	<field name="text_10" xsi:nil="true" />
	<field name="select_1" xsi:nil="true" />
	<field name="select_2" xsi:nil="true" />
	<field name="select_3" xsi:nil="true" />
	<field name="select_4" xsi:nil="true" />
	<field name="select_5" xsi:nil="true" />
	<field name="select_6" xsi:nil="true" />
	<field name="select_7" xsi:nil="true" />
	<field name="select_8" xsi:nil="true" />
	<field name="select_9" xsi:nil="true" />
	<field name="select_10" xsi:nil="true" />
	<field name="no_show">false</field>
  </row>
</resultset>
