<?xml version="1.0"?>

<resultset statement="SELECT * FROM reviewform WHERE conference=1507
" xmlns:xsi="http://www.w3.org/2001/XMLSchema-instance">
  <row>
	<field name="conference">1507</field>
	<field name="item">1</field>
	<field name="type">review</field>
	<field name="format">text</field>
	<field name="viewable">author</field>
	<field name="label">Comentários para o autor</field>
	<field name="prompt">Comente o que você entendeu sobre o trabalho. Forneça justificativas para as notas dadas acima (originalidade, relevância, mérito, forma). Aponte os pontos fortes e os pontos fracos do trabalho/texto, fornecendo sugestões para seu aprimoramento.</field>
	<field name="maxscore" xsi:nil="true" />
	<field name="minlength">50</field>
	<field name="selection" xsi:nil="true" />
	<field name="weight" xsi:nil="true" />
	<field name="gweight" xsi:nil="true" />
  </row>

  <row>
	<field name="conference">1507</field>
	<field name="item">2</field>
	<field name="type">review</field>
	<field name="format">text</field>
	<field name="viewable">tpc</field>
	<field name="label">Comentários para o Comitê de Programa</field>
	<field name="prompt">Use este espaço para enviar comentários restritos aos membros do comitê de programa.</field>
	<field name="maxscore" xsi:nil="true" />
	<field name="minlength">0</field>
	<field name="selection" xsi:nil="true" />
	<field name="weight" xsi:nil="true" />
	<field name="gweight" xsi:nil="true" />
  </row>

  <row>
	<field name="conference">1507</field>
	<field name="item">1</field>
	<field name="type">review</field>
	<field name="format">score</field>
	<field name="viewable">author</field>
	<field name="label">Originalidade</field>
	<field name="prompt">Avalie a originalidade do trabalho, considerando o estado-da-arte na área. Avalie se o trabalho apresenta novos resultados ou novas observações relevantes sobre um tema já tratado em outros trabalhos. Informe o autor caso você conheça  trabalhos relacionados que não tenham sido citados.</field>
	<field name="maxscore">5</field>
	<field name="minlength" xsi:nil="true" />
	<field name="selection">5:Excelente
4:Bom
3:Regular
2:Fraco
1:Ruim</field>
	<field name="weight">0</field>
	<field name="gweight">0</field>
  </row>

  <row>
	<field name="conference">1507</field>
	<field name="item">2</field>
	<field name="type">review</field>
	<field name="format">score</field>
	<field name="viewable">author</field>
	<field name="label">Relevância</field>
	<field name="prompt">Avalie a importância do tema, das questões abordadas e dos resultados (esperados ou obtidos) do trabalho. Relacione esta importância com os objetivos do Fórum. Caso o trabalho deixe a desejar neste item, forneça sugestões ao autor para tornar o trabalho mais relevante.</field>
	<field name="maxscore">5</field>
	<field name="minlength" xsi:nil="true" />
	<field name="selection">5:Excelente
4:Bom
3:Regular
2:Fraco
1:Ruim</field>
	<field name="weight">0</field>
	<field name="gweight">0</field>
  </row>

  <row>
	<field name="conference">1507</field>
	<field name="item">3</field>
	<field name="type">review</field>
	<field name="format">score</field>
	<field name="viewable">author</field>
	<field name="label">Mérito técnico</field>
	<field name="prompt">Avalie o mérito do trabalho proposto, pesando a qualidade da sua idéia central e a profundidade do autor na compreensão do tema, dos problemas e das soluções apresentadas. Nos comentários ao autor, inclua sugestões que possam melhorar a qualidade e a profundidade do trabalho.</field>
	<field name="maxscore">5</field>
	<field name="minlength" xsi:nil="true" />
	<field name="selection">5:Excelente
4:Bom
3:Regular
2:Fraco
1:Ruim</field>
	<field name="weight">0</field>
	<field name="gweight">0</field>
  </row>

  <row>
	<field name="conference">1507</field>
	<field name="item">4</field>
	<field name="type">review</field>
	<field name="format">score</field>
	<field name="viewable">author</field>
	<field name="label">Qualidade do texto</field>
	<field name="prompt">Avalie a organização do texto, sua legibilidade e a qualidade didática da redação. Verifique se a formatação está adequada ao estilo proposto.</field>
	<field name="maxscore">5</field>
	<field name="minlength" xsi:nil="true" />
	<field name="selection">5:Excelente
4:Bom
3:Regular
2:Fraco
1:Ruim</field>
	<field name="weight">0</field>
	<field name="gweight">0</field>
  </row>

  <row>
	<field name="conference">1507</field>
	<field name="item">5</field>
	<field name="type">review</field>
	<field name="format">score</field>
	<field name="viewable">author</field>
	<field name="label">Avaliação Geral</field>
	<field name="prompt">Indique sua impressão geral sobre o trabalho. Esta avaliação pode ser independente dos outros critérios, mas procure evitar grandes discrepâncias.</field>
	<field name="maxscore">5</field>
	<field name="minlength" xsi:nil="true" />
	<field name="selection">5:Excelente
4:Bom
3:Regular
2:Fraco
1:Ruim</field>
	<field name="weight">0</field>
	<field name="gweight">0</field>
  </row>

  <row>
	<field name="conference">1507</field>
	<field name="item">6</field>
	<field name="type">review</field>
	<field name="format">score</field>
	<field name="viewable">author</field>
	<field name="label">Recomendação</field>
	<field name="prompt">Forneça seu parecer quanto à aceitação/rejeição deste trabalho.</field>
	<field name="maxscore">5</field>
	<field name="minlength" xsi:nil="true" />
	<field name="selection">5:Aceitação
4:Aceitação fraca
3:Neutro
2:Rejeição fraca
1:Rejeição</field>
	<field name="weight">1</field>
	<field name="gweight">1</field>
  </row>

  <row>
	<field name="conference">1507</field>
	<field name="item">7</field>
	<field name="type">review</field>
	<field name="format">score</field>
	<field name="viewable">tpc</field>
	<field name="label">Confiança na avaliação</field>
	<field name="prompt">Como avaliador, classifique o seu nível de conhecimento sobre o assunto do texto avaliado.</field>
	<field name="maxscore">5</field>
	<field name="minlength" xsi:nil="true" />
	<field name="selection">5: Especialista no assunto
4: Bom conhecimento
3: Razoável conhecimento
2: Pouco conhecimento
1: Nenhum conhecimento</field>
	<field name="weight">1</field>
	<field name="gweight">1</field>
  </row>
</resultset>
