<?xml version="1.0"?>

<resultset statement="SELECT * FROM tpc WHERE conference=1507
" xmlns:xsi="http://www.w3.org/2001/XMLSchema-instance">
  <row>
	<field name="person">965</field>
	<field name="conference">1507</field>
	<field name="role">member</field>
	<field name="topics">0,1,2,3,4,5,6,7,8,10,12,14,15,16,17,18,19,20,22,23,24,25</field>
	<field name="nontopics"></field>
	<field name="requested" xsi:nil="true" />
	<field name="attend" xsi:nil="true" />
	<field name="tpcgroup" xsi:nil="true" />
	<field name="dinner" xsi:nil="true" />
	<field name="diet" xsi:nil="true" />
	<field name="comments" xsi:nil="true" />
	<field name="rank" xsi:nil="true" />
	<field name="extended_topics"></field>
	<field name="extended_nontopics"></field>
  </row>

  <row>
	<field name="person">1043</field>
	<field name="conference">1507</field>
	<field name="role">member</field>
	<field name="topics" xsi:nil="true" />
	<field name="nontopics" xsi:nil="true" />
	<field name="requested" xsi:nil="true" />
	<field name="attend" xsi:nil="true" />
	<field name="tpcgroup" xsi:nil="true" />
	<field name="dinner" xsi:nil="true" />
	<field name="diet" xsi:nil="true" />
	<field name="comments" xsi:nil="true" />
	<field name="rank" xsi:nil="true" />
	<field name="extended_topics"></field>
	<field name="extended_nontopics"></field>
  </row>

  <row>
	<field name="person">1970</field>
	<field name="conference">1507</field>
	<field name="role">chair</field>
	<field name="topics" xsi:nil="true" />
	<field name="nontopics" xsi:nil="true" />
	<field name="requested" xsi:nil="true" />
	<field name="attend" xsi:nil="true" />
	<field name="tpcgroup" xsi:nil="true" />
	<field name="dinner" xsi:nil="true" />
	<field name="diet" xsi:nil="true" />
	<field name="comments" xsi:nil="true" />
	<field name="rank" xsi:nil="true" />
	<field name="extended_topics"></field>
	<field name="extended_nontopics"></field>
  </row>

  <row>
	<field name="person">1970</field>
	<field name="conference">1507</field>
	<field name="role">member</field>
	<field name="topics" xsi:nil="true" />
	<field name="nontopics" xsi:nil="true" />
	<field name="requested" xsi:nil="true" />
	<field name="attend" xsi:nil="true" />
	<field name="tpcgroup" xsi:nil="true" />
	<field name="dinner" xsi:nil="true" />
	<field name="diet" xsi:nil="true" />
	<field name="comments" xsi:nil="true" />
	<field name="rank" xsi:nil="true" />
	<field name="extended_topics"></field>
	<field name="extended_nontopics"></field>
  </row>

  <row>
	<field name="person">1979</field>
	<field name="conference">1507</field>
	<field name="role">member</field>
	<field name="topics">0,1,7,10,11,23,24</field>
	<field name="nontopics">2,3,13,16,17,22</field>
	<field name="requested" xsi:nil="true" />
	<field name="attend" xsi:nil="true" />
	<field name="tpcgroup" xsi:nil="true" />
	<field name="dinner" xsi:nil="true" />
	<field name="diet" xsi:nil="true" />
	<field name="comments" xsi:nil="true" />
	<field name="rank" xsi:nil="true" />
	<field name="extended_topics"></field>
	<field name="extended_nontopics"></field>
  </row>

  <row>
	<field name="person">2318</field>
	<field name="conference">1507</field>
	<field name="role">member</field>
	<field name="topics" xsi:nil="true" />
	<field name="nontopics" xsi:nil="true" />
	<field name="requested" xsi:nil="true" />
	<field name="attend" xsi:nil="true" />
	<field name="tpcgroup" xsi:nil="true" />
	<field name="dinner" xsi:nil="true" />
	<field name="diet" xsi:nil="true" />
	<field name="comments" xsi:nil="true" />
	<field name="rank" xsi:nil="true" />
	<field name="extended_topics"></field>
	<field name="extended_nontopics"></field>
  </row>

  <row>
	<field name="person">2695</field>
	<field name="conference">1507</field>
	<field name="role">member</field>
	<field name="topics">0,1,2,4,6,7,8,9,10,13,18,19,20,21,24</field>
	<field name="nontopics">0,1,2,4,6,8,9,10,13,18,19,20,24,25</field>
	<field name="requested" xsi:nil="true" />
	<field name="attend" xsi:nil="true" />
	<field name="tpcgroup" xsi:nil="true" />
	<field name="dinner" xsi:nil="true" />
	<field name="diet" xsi:nil="true" />
	<field name="comments" xsi:nil="true" />
	<field name="rank" xsi:nil="true" />
	<field name="extended_topics"></field>
	<field name="extended_nontopics"></field>
  </row>

  <row>
	<field name="person">2712</field>
	<field name="conference">1507</field>
	<field name="role">member</field>
	<field name="topics">0,1,6,7,8,10,11,19,21,23,24</field>
	<field name="nontopics">2,3,5,9,12,13,14,16,18,20,22,25</field>
	<field name="requested" xsi:nil="true" />
	<field name="attend" xsi:nil="true" />
	<field name="tpcgroup" xsi:nil="true" />
	<field name="dinner" xsi:nil="true" />
	<field name="diet" xsi:nil="true" />
	<field name="comments" xsi:nil="true" />
	<field name="rank" xsi:nil="true" />
	<field name="extended_topics"></field>
	<field name="extended_nontopics"></field>
  </row>

  <row>
	<field name="person">2750</field>
	<field name="conference">1507</field>
	<field name="role">chair</field>
	<field name="topics" xsi:nil="true" />
	<field name="nontopics" xsi:nil="true" />
	<field name="requested" xsi:nil="true" />
	<field name="attend" xsi:nil="true" />
	<field name="tpcgroup" xsi:nil="true" />
	<field name="dinner" xsi:nil="true" />
	<field name="diet" xsi:nil="true" />
	<field name="comments" xsi:nil="true" />
	<field name="rank" xsi:nil="true" />
	<field name="extended_topics"></field>
	<field name="extended_nontopics"></field>
  </row>

  <row>
	<field name="person">2750</field>
	<field name="conference">1507</field>
	<field name="role">member</field>
	<field name="topics">0,1,19</field>
	<field name="nontopics"></field>
	<field name="requested" xsi:nil="true" />
	<field name="attend" xsi:nil="true" />
	<field name="tpcgroup" xsi:nil="true" />
	<field name="dinner" xsi:nil="true" />
	<field name="diet" xsi:nil="true" />
	<field name="comments" xsi:nil="true" />
	<field name="rank" xsi:nil="true" />
	<field name="extended_topics"></field>
	<field name="extended_nontopics"></field>
  </row>

  <row>
	<field name="person">2776</field>
	<field name="conference">1507</field>
	<field name="role">member</field>
	<field name="topics">1,13,15,19,25</field>
	<field name="nontopics">2,3,4,5,6,8,14,16,17,22,24</field>
	<field name="requested" xsi:nil="true" />
	<field name="attend" xsi:nil="true" />
	<field name="tpcgroup" xsi:nil="true" />
	<field name="dinner" xsi:nil="true" />
	<field name="diet" xsi:nil="true" />
	<field name="comments" xsi:nil="true" />
	<field name="rank" xsi:nil="true" />
	<field name="extended_topics"></field>
	<field name="extended_nontopics"></field>
  </row>

  <row>
	<field name="person">2782</field>
	<field name="conference">1507</field>
	<field name="role">member</field>
	<field name="topics">0,1,7,8,10,18,19,20,25</field>
	<field name="nontopics">2,3,4,5</field>
	<field name="requested" xsi:nil="true" />
	<field name="attend" xsi:nil="true" />
	<field name="tpcgroup" xsi:nil="true" />
	<field name="dinner" xsi:nil="true" />
	<field name="diet" xsi:nil="true" />
	<field name="comments" xsi:nil="true" />
	<field name="rank" xsi:nil="true" />
	<field name="extended_topics"></field>
	<field name="extended_nontopics"></field>
  </row>

  <row>
	<field name="person">2804</field>
	<field name="conference">1507</field>
	<field name="role">member</field>
	<field name="topics">7,8,9,10,18,19,20,25</field>
	<field name="nontopics">0,1,2,3,4,5,6,11,12,13,14,15,16,17,21,22,23,24</field>
	<field name="requested" xsi:nil="true" />
	<field name="attend" xsi:nil="true" />
	<field name="tpcgroup" xsi:nil="true" />
	<field name="dinner" xsi:nil="true" />
	<field name="diet" xsi:nil="true" />
	<field name="comments" xsi:nil="true" />
	<field name="rank" xsi:nil="true" />
	<field name="extended_topics"></field>
	<field name="extended_nontopics"></field>
  </row>

  <row>
	<field name="person">2805</field>
	<field name="conference">1507</field>
	<field name="role">member</field>
	<field name="topics" xsi:nil="true" />
	<field name="nontopics" xsi:nil="true" />
	<field name="requested" xsi:nil="true" />
	<field name="attend" xsi:nil="true" />
	<field name="tpcgroup" xsi:nil="true" />
	<field name="dinner" xsi:nil="true" />
	<field name="diet" xsi:nil="true" />
	<field name="comments" xsi:nil="true" />
	<field name="rank" xsi:nil="true" />
	<field name="extended_topics"></field>
	<field name="extended_nontopics"></field>
  </row>

  <row>
	<field name="person">2824</field>
	<field name="conference">1507</field>
	<field name="role">member</field>
	<field name="topics" xsi:nil="true" />
	<field name="nontopics" xsi:nil="true" />
	<field name="requested" xsi:nil="true" />
	<field name="attend" xsi:nil="true" />
	<field name="tpcgroup" xsi:nil="true" />
	<field name="dinner" xsi:nil="true" />
	<field name="diet" xsi:nil="true" />
	<field name="comments" xsi:nil="true" />
	<field name="rank" xsi:nil="true" />
	<field name="extended_topics"></field>
	<field name="extended_nontopics"></field>
  </row>

  <row>
	<field name="person">2849</field>
	<field name="conference">1507</field>
	<field name="role">chair</field>
	<field name="topics" xsi:nil="true" />
	<field name="nontopics" xsi:nil="true" />
	<field name="requested" xsi:nil="true" />
	<field name="attend" xsi:nil="true" />
	<field name="tpcgroup" xsi:nil="true" />
	<field name="dinner" xsi:nil="true" />
	<field name="diet" xsi:nil="true" />
	<field name="comments" xsi:nil="true" />
	<field name="rank" xsi:nil="true" />
	<field name="extended_topics"></field>
	<field name="extended_nontopics"></field>
  </row>

  <row>
	<field name="person">2849</field>
	<field name="conference">1507</field>
	<field name="role">member</field>
	<field name="topics">2,3,4,21</field>
	<field name="nontopics">0,1,5,7,8,9,10,11,13,15,16,18,19,20,23,24,25</field>
	<field name="requested" xsi:nil="true" />
	<field name="attend" xsi:nil="true" />
	<field name="tpcgroup" xsi:nil="true" />
	<field name="dinner" xsi:nil="true" />
	<field name="diet" xsi:nil="true" />
	<field name="comments" xsi:nil="true" />
	<field name="rank" xsi:nil="true" />
	<field name="extended_topics"></field>
	<field name="extended_nontopics"></field>
  </row>

  <row>
	<field name="person">2902</field>
	<field name="conference">1507</field>
	<field name="role">member</field>
	<field name="topics" xsi:nil="true" />
	<field name="nontopics" xsi:nil="true" />
	<field name="requested" xsi:nil="true" />
	<field name="attend" xsi:nil="true" />
	<field name="tpcgroup" xsi:nil="true" />
	<field name="dinner" xsi:nil="true" />
	<field name="diet" xsi:nil="true" />
	<field name="comments" xsi:nil="true" />
	<field name="rank" xsi:nil="true" />
	<field name="extended_topics"></field>
	<field name="extended_nontopics"></field>
  </row>

  <row>
	<field name="person">2974</field>
	<field name="conference">1507</field>
	<field name="role">member</field>
	<field name="topics">8,18,19,20,21,23,25</field>
	<field name="nontopics">0,6,7,10,11,12,14,16,22,24</field>
	<field name="requested" xsi:nil="true" />
	<field name="attend" xsi:nil="true" />
	<field name="tpcgroup" xsi:nil="true" />
	<field name="dinner" xsi:nil="true" />
	<field name="diet" xsi:nil="true" />
	<field name="comments" xsi:nil="true" />
	<field name="rank" xsi:nil="true" />
	<field name="extended_topics"></field>
	<field name="extended_nontopics"></field>
  </row>

  <row>
	<field name="person">7694</field>
	<field name="conference">1507</field>
	<field name="role">member</field>
	<field name="topics" xsi:nil="true" />
	<field name="nontopics" xsi:nil="true" />
	<field name="requested" xsi:nil="true" />
	<field name="attend" xsi:nil="true" />
	<field name="tpcgroup" xsi:nil="true" />
	<field name="dinner" xsi:nil="true" />
	<field name="diet" xsi:nil="true" />
	<field name="comments" xsi:nil="true" />
	<field name="rank" xsi:nil="true" />
	<field name="extended_topics"></field>
	<field name="extended_nontopics"></field>
  </row>

  <row>
	<field name="person">8154</field>
	<field name="conference">1507</field>
	<field name="role">member</field>
	<field name="topics">8,9,18,21,25</field>
	<field name="nontopics"></field>
	<field name="requested" xsi:nil="true" />
	<field name="attend" xsi:nil="true" />
	<field name="tpcgroup" xsi:nil="true" />
	<field name="dinner" xsi:nil="true" />
	<field name="diet" xsi:nil="true" />
	<field name="comments" xsi:nil="true" />
	<field name="rank" xsi:nil="true" />
	<field name="extended_topics"></field>
	<field name="extended_nontopics"></field>
  </row>

  <row>
	<field name="person">8659</field>
	<field name="conference">1507</field>
	<field name="role">member</field>
	<field name="topics">9,11,18,22,25</field>
	<field name="nontopics">1,2,3,4,5,6,10,24</field>
	<field name="requested" xsi:nil="true" />
	<field name="attend" xsi:nil="true" />
	<field name="tpcgroup" xsi:nil="true" />
	<field name="dinner" xsi:nil="true" />
	<field name="diet" xsi:nil="true" />
	<field name="comments" xsi:nil="true" />
	<field name="rank" xsi:nil="true" />
	<field name="extended_topics"></field>
	<field name="extended_nontopics"></field>
  </row>

  <row>
	<field name="person">13251</field>
	<field name="conference">1507</field>
	<field name="role">member</field>
	<field name="topics">0,7,8,9,10,11,12,17,18,19,20</field>
	<field name="nontopics"></field>
	<field name="requested" xsi:nil="true" />
	<field name="attend" xsi:nil="true" />
	<field name="tpcgroup" xsi:nil="true" />
	<field name="dinner" xsi:nil="true" />
	<field name="diet" xsi:nil="true" />
	<field name="comments" xsi:nil="true" />
	<field name="rank" xsi:nil="true" />
	<field name="extended_topics"></field>
	<field name="extended_nontopics"></field>
  </row>

  <row>
	<field name="person">13960</field>
	<field name="conference">1507</field>
	<field name="role">member</field>
	<field name="topics" xsi:nil="true" />
	<field name="nontopics" xsi:nil="true" />
	<field name="requested" xsi:nil="true" />
	<field name="attend" xsi:nil="true" />
	<field name="tpcgroup" xsi:nil="true" />
	<field name="dinner" xsi:nil="true" />
	<field name="diet" xsi:nil="true" />
	<field name="comments" xsi:nil="true" />
	<field name="rank" xsi:nil="true" />
	<field name="extended_topics"></field>
	<field name="extended_nontopics"></field>
  </row>

  <row>
	<field name="person">78193</field>
	<field name="conference">1507</field>
	<field name="role">member</field>
	<field name="topics">1,5,6,7,9,10,12,18,21,25</field>
	<field name="nontopics">0,4,13,15,16</field>
	<field name="requested" xsi:nil="true" />
	<field name="attend" xsi:nil="true" />
	<field name="tpcgroup" xsi:nil="true" />
	<field name="dinner" xsi:nil="true" />
	<field name="diet" xsi:nil="true" />
	<field name="comments" xsi:nil="true" />
	<field name="rank" xsi:nil="true" />
	<field name="extended_topics"></field>
	<field name="extended_nontopics"></field>
  </row>
</resultset>
