<?xml version="1.0"?>

<resultset statement="SELECT * FROM track WHERE conference=1507
" xmlns:xsi="http://www.w3.org/2001/XMLSchema-instance">
  <row>
	<field name="track">3516</field>
	<field name="conference">1507</field>
	<field name="trackname">Forum de Pos-Graduacao</field>
	<field name="submit_from">2011-11-01 00:00:00</field>
	<field name="register_by">2011-12-19 23:55:00</field>
	<field name="submit_by">2011-12-21 23:55:00</field>
	<field name="maxpages">2</field>
	<field name="maxpapersize">0</field>
	<field name="paperformats">pdf</field>
	<field name="cameraready_by" xsi:nil="true" />
	<field name="allowfile1">true</field>
	<field name="visibility1">publication,session,reviewer</field>
	<field name="filename1">Camera ready</field>
	<field name="submit_by1">2012-01-23 23:55:00</field>
	<field name="maxpapersize1">0</field>
	<field name="paperformats1">pdf</field>
	<field name="allowfile2">false</field>
	<field name="visibility2" xsi:nil="true" />
	<field name="filename2" xsi:nil="true" />
	<field name="submit_by2">0000-00-00 00:00:00</field>
	<field name="maxpapersize2" xsi:nil="true" />
	<field name="paperformats2" xsi:nil="true" />
	<field name="allowfile3">false</field>
	<field name="visibility3" xsi:nil="true" />
	<field name="filename3" xsi:nil="true" />
	<field name="submit_by3">0000-00-00 00:00:00</field>
	<field name="maxpapersize3" xsi:nil="true" />
	<field name="paperformats3" xsi:nil="true" />
	<field name="allowfile4">false</field>
	<field name="visibility4" xsi:nil="true" />
	<field name="filename4" xsi:nil="true" />
	<field name="submit_by4">0000-00-00 00:00:00</field>
	<field name="maxpapersize4" xsi:nil="true" />
	<field name="paperformats4" xsi:nil="true" />
	<field name="allowfile5">false</field>
	<field name="visibility5" xsi:nil="true" />
	<field name="filename5" xsi:nil="true" />
	<field name="submit_by5">0000-00-00 00:00:00</field>
	<field name="maxpapersize5" xsi:nil="true" />
	<field name="paperformats5" xsi:nil="true" />
	<field name="fileRequired1">false</field>
	<field name="fileRequired2">false</field>
	<field name="fileRequired3">false</field>
	<field name="fileRequired4">false</field>
	<field name="fileRequired5">false</field>
  </row>
</resultset>
