<?xml version="1.0" encoding="UTF-8" ?> 
<!DOCTYPE dblpsubmission SYSTEM "http://dblp.org/xml/dblpsubmission.dtd"> 
<dblpsubmission> 
  <proceedings> 
    <key></key> 
 
    <title>ERAD 2012 - Forum de Pos-Graduacao</title> 
    <publisher></publisher> 
    <year>2012</year> 
    <isbn></isbn> 
    <conf> 
      <acronym></acronym> 
      <number></number> 
      <location>Erechim, RS</location> 
      <date>March 20, 2012</date> 
      <url>http://www.uricer.edu.br/~erad2012/</url> 
    </conf> 
    <toc> 
      <section></section> 
      <publ> 
        <author>Claudio Schepke</author>
        <author>Nicolas Maillard</author>
        <title>Refinamento em Tempo de Execução de Malhas Irregulares Paralelamente Distribuídas</title> 
        <ee>/95242.pdf</ee> 
      </publ> 
      <publ> 
        <author>Marcia Zechlinski Gusmao</author>
        <author>João Ladislau Lopes</author>
        <author>Caue Duarte</author>
        <author>Adenauer Yamin</author>
        <title>EXEHDA-UC: Gerenciamento de Servidores de Contexto Distribuídos direcionado à  Computação Ubíqua</title> 
        <ee>/95487.pdf</ee> 
      </publ> 
      <publ> 
        <author>Daniel Alfonso Gonçalves d Oliveira</author>
        <author>Edson Luiz Padoin</author>
        <author>Renan Ferraz Pires</author>
        <author>Philippe Olivier Alexandre Navaux</author>
        <title>Análise da eficiência energética dos processadores ARM</title> 
        <ee>/95682.pdf</ee> 
      </publ> 
      <publ> 
        <author>Silvio Ricardo Cordeiro</author>
        <author>Nicolas Maillard</author>
        <title>Auto-tuning de Granularidade em Memórias Transacionais</title> 
        <ee>/95689.pdf</ee> 
      </publ> 
      <publ> 
        <author>Rafael de Leão Bandeira</author>
        <author>Andre Rauber Du Bois</author>
        <author>Mauricio Lima Pilla</author>
        <title>Implementação de um esquema de invalidação mista na linguagem CMTJava</title> 
        <ee>/95691.pdf</ee> 
      </publ> 
      <publ> 
        <author>Josimar Viana Silva</author>
        <author>Cristiano A. Costa</author>
        <author>Rodrigo da Rosa Righi</author>
        <title>Um SLA com foco em Nuvens Computacionais</title> 
        <ee>/95713.pdf</ee> 
      </publ> 
      <publ> 
        <author>Lucas Graebin</author>
        <author>Rodrigo da Rosa Righi</author>
        <title>Migração de Objetos: Análise de jMigBSP com uma Aplicação CPU-Bound para Compressão de Imagens</title> 
        <ee>/95736.pdf</ee> 
      </publ> 
      <publ> 
        <author>Raquel Dias</author>
        <title>Otimizações para Pipelines de Pós-processamento Metagenômico</title> 
        <ee>/95800.pdf</ee> 
      </publ> 
      <publ> 
        <author>Alexandre Luis Andrade</author>
        <author>Rodrigo da Rosa Righi</author>
        <title>Explorando Balanceamento de Carga em Sistema de Transacoes Eletronicas Financeiras</title> 
        <ee>/96014.pdf</ee> 
      </publ> 
      <publ> 
        <author>Vinícius Garcia Pinto</author>
        <author>João V. F. Lima</author>
        <author>Stéfano D. K. Mor</author>
        <author>Nicolas Maillard</author>
        <title>Escalonamento baseado em roubo de tarefas em arquiteturas paralelas híbridas</title> 
        <ee>/96039.pdf</ee> 
      </publ> 
      <publ> 
        <author>Bruno Panerai Velloso</author>
        <author>Alice T. C. Pereira</author>
        <author>Mauro Roisenberg</author>
        <author>Mario Dantas</author>
        <title>Implementação baseada GPGPU e arquitetura CUDA de Simulação de alto desempenho para análise de algoritmos de inteligência de enxames</title> 
        <ee>/96053.pdf</ee> 
      </publ> 
      <publ> 
        <author>Cicero Camargo</author>
        <author>Alan Schlindvein Araujo</author>
        <author>Gerson Geraldo H. Cavalheiro</author>
        <title>Uma Revisão Sobre Ferramentas De Programação Multithread Comerciais e Acadêmicas</title> 
        <ee>/96055.pdf</ee> 
      </publ> 
      <publ> 
        <author>Timóteo Rico</author>
        <author>Felipe Teixeira</author>
        <author>Mauricio Lima Pilla</author>
        <author>Andre Rauber Du Bois</author>
        <title>Computação Sustentável e Mecanismos de Sincronização</title> 
        <ee>/96059.pdf</ee> 
      </publ> 
      <publ> 
        <author>Humberto Jorge de Moura Costa</author>
        <author>Cristiano A. Costa</author>
        <author>Jorge Barbosa</author>
        <title>Computação Móvel e Ubíqua Aplicada ao Turismo</title> 
        <ee>/96063.pdf</ee> 
      </publ> 
      <publ> 
        <author>Paulo Henrique Cazarotto</author>
        <author>Cristiano A. Costa</author>
        <author>Rodrigo da Rosa Righi</author>
        <title>Um modelo para busca e classificação de objetos em um sistema distribuído organizado hierarquicamente</title> 
        <ee>/96065.pdf</ee> 
      </publ> 
      <publ> 
        <author>Fábio Weber Albiero</author>
        <author>Benhur Stein</author>
        <author>Andrea Schwertner Charao</author>
        <title>Panorama sobre Técnicas de Escalonamento da Voltagem e da Frequência do Processador em Clusters e Grades</title> 
        <ee>/96125.pdf</ee> 
      </publ> 
      <publ> 
        <author>Gustavo Rissetti</author>
        <author>Andrea Schwertner Charao</author>
        <author>Eduardo Piveta</author>
        <title>Catálogo de Refatorações para a Evolução de Programas em Linguagem Fortran</title> 
        <ee>/96126.pdf</ee> 
      </publ> 
      <publ> 
        <author>Claiton Marques Correa</author>
        <author>Eli Maruani</author>
        <author>Lucas Giaretta Oleksinski</author>
        <author>Fernando Luís Dotti</author>
        <author>Paulo Fernandes</author>
        <author>Afonso Sales</author>
        <title>Um Verificador de Modelos Descritos em Redes de Autômatos Estocásticos</title> 
        <ee>/96074.pdf</ee> 
      </publ> 
      <publ> 
        <author>Marcelo Beling Pinheiro</author>
        <author>Cristiano A. Costa</author>
        <author>Rodrigo da Rosa Righi</author>
        <title>Gerenciamento Verde e Eficiente de Recursos na Execução de Aplicações Paralelas em Cloud Computing</title> 
        <ee>/96076.pdf</ee> 
      </publ> 
      <publ> 
        <author>Júlio Cezar Santos Pires</author>
        <author>Cristiano A. Costa</author>
        <author>Rodrigo da Rosa Righi</author>
        <title>Analisando Padrões de Uso para o Gerenciamento Automático de Recursos em Cloud Computing</title> 
        <ee>/96080.pdf</ee> 
      </publ> 
      <publ> 
        <author>Silvio Augusto Langer</author>
        <author>Cesar De Rose</author>
        <title>Uma Metodologia para definição de modelos de cobrança em ambientes de Nuvens Computacionais</title> 
        <ee>/96084.pdf</ee> 
      </publ> 
      <publ> 
        <author>Carlos Eduardo Guimaraes</author>
        <author>Rodrigo da Rosa Righi</author>
        <author>Leonardo Chiwiacowsky</author>
        <title>Uma Estratégia de Paralelização do Algoritmo AISO-GT baseado no modelo de subpopulações</title> 
        <ee>/96112.pdf</ee> 
      </publ> 
      <publ> 
        <author>Dionatan Tietzmann</author>
        <author>Andrea Schwertner Charao</author>
        <title>Análise automática de acessos concorrentes a dados para refatoração de código sequencial em código paralelo OpenMP</title> 
        <ee>/96134.pdf</ee> 
      </publ> 
    </toc> 
  </proceedings> 
</dblpsubmission> 

